label,dc,text_snippet
0,1.070313,"教育口述史是通过自述、笔录、录音和录影等现代技术手段，记录教育历史事件当事人或者目击者的回忆而保存的..."
0,0.535156,"山西省农村中小学教师参加培训的工学矛盾依然存在。对农村中小学教师进行访谈后发现：教师培训多安排在节假..."
0,0.373047,"发生学始终把现实作为科学研究出发点和归宿，其研究对象是一切历史事物本身的实际发生和演变过程。殷商职业..."
0,0.855469,"在建设资源节约型和环境友好型社会以及生态文明大背景下，开展环境研究以鼓励和督促上市公司加强节能减排、..."
0,-0.890625,"根据患者情况可联用临床常用的抗抑郁药物治疗，但在ＭＥＣＴ治疗期间不能调整剂量，包括：盐酸氟西汀片２０..."
0,-0.789063,"选择2015年5月~2018年5月海南省人民医院经多导睡眠监测诊断为OSAHS患者60例,根据患者病..."
0,-1.203125,"据统计，１９６０年我国６５岁及以上老龄人口在总人口中占比约为４．０％，老年抚养比约为６．８％，到２０..."
0,-0.231445,"刘利民认为，明确学校内部管理的权利和责任，实现学校自治能力的提升，是学校办学主体地位强化落实的关键。..."
0,-0.640625,"在家庭异质性方面的扩展上，一个重要的考虑是家庭收入差异对居民区位选择的影响，如果将家庭的收入异质性设..."
0,2.953125,"在人脑支撑认知能力的五个子系统中，记忆处于第一位,其次才是感知、想象、推理与语言。英国作家巴恩斯所处..."
0,-0.429688,"业界一致认为，AI的发展由计算智能阶段、感知智能阶段和认知智能阶段三大阶段组成，目前正处于第二个发展..."
0,-0.800781,"在我国，目前只有16%的企业进入到智能制造的应用阶段，并且还存在着智能化程度不够，各类企业智能化发展..."
0,1.898438,"古希腊的philosophy起于惊异，而中国先秦的哲学始于忧患。居今之世，当代中国哲学将以何种情调重..."
0,-0.439453,"'立法评估' '立法前评估' '立法后评估' '绩效评估' '实施情况评估' '(监管)影响评估'等..."
0,-1.507813,"从篇章目录来看袁四本教材都涵盖了叶新课标曳所要求的野人工智能基础冶野简单人工智能应用模块开发冶野人工..."
0,1.992188,"将虚拟化技术引入WSN网络，可有效缓解当前WSN网络中资源利用率较低、服务灵活性较差的问题。利用虚拟..."
0,-1.890625,"3A护理带教老师心理健康水平低于全国护士临床教学是护理教育的重要环节而临床教学质量在很大程度上取决于..."
0,0.345703,"截止2020年末，我国就业人员7.5亿人，约占全国人口的53%，按照女性在全人口49%占比，则女性就..."
0,-0.233398,"同时她的作品具有强烈的个人风格，与传统的宏大叙事不同，也没有跟随同时期先锋小说'形式实验'的浪潮#因..."
0,0.878906,"该数据库整合了目前全面的基因调控网络信息。为了研究转录后调控因子如miRNA在基因调控中的重要作用，..."
0,1.468750,"考虑到不超过20%无效样本量的情况下，确认样本量为228~456。研究对象纳入标准：）符合美国肾脏病..."
0,0.585938,"最早源自《刺客列传》的'刺秦'故事因其本身的传奇性与戏剧性，一直受到电影人的青睐。迄今为止，'刺秦'..."
0,0.093262,"关于专利权地域性之成因的经典理论解释认为，专利权脱胎于封建特权，封建割据的地域性使得其只能在产生的地..."
0,-0.470703,"'纲要'作为一种公共历史知识的高阶供给形态，担负着规划现代中国之历史参照系的公共职能。近世中国的社会..."
0,0.511719,"神经组织行为学的研究主题,应努力挖掘研究对个体认知、行为及组织管理实践潜在的反作用和应用价值,即通过..."
0,-0.361328,"《网络安全法》中个人信息的称谓并无与其他规范性文件中的个人数据（资料）区分的必要，事实上也无区分的可..."
0,-0.363281,"但是，目前中职毕业生升入高职院校、高职毕业生升入本科院校的比例越来越大，这还是不是就业导向？客观来讲..."
0,-0.386719,"数据湖投用之前，西气东输开展了对单向传输的可靠性测试。测试内容是对单向传输设置不同的刷新速率，然后查..."
0,2.046875,"采用'学校在线教育综合平台+直播+QQ'混合线上教学模式，即：学校在线教育综合平台作为课前预习与课程..."
0,0.000000,"虽然伊泽尔最初提出的召唤结构主要是针对文学作品的审美，但该理论考虑的是如何吸引受众和启发受众的审美思..."
0,-1.039063,"Web of Science收录的'sustainable development'相关的英文文献也..."
0,-1.289063,"随着互联网信息技术、大数据技术的不断进步，电子商务的普及程度日益提高，电商运营模式也日益精进。消费者..."
0,0.898438,"之所以出现这种不匹配,宋史学界应从自身方面多找原因。一方面,现存宋代文献史料状况或许强化了两者的疏离..."
0,0.355469,"首先，全球史以'整体'的世界为历史考察的背景。全球史是一种新型的世界史，它研究的是全球而不是某一国家..."
0,0.628906,"以上回归结果显示，港口对城市经济增长具有显著的正向效应，这种经济增长效应是否会随着城市间的空间互动外..."
0,0.126953,"对于食管癌的放射治疗，处方剂量、剂量分布和剂量体积直方图（dose-volumehistogram，..."
0,-1.343750,"但是修辞学观照下的相关研究没有触及隐喻和转喻形成的思维过程,换言之,未能把二者作为一种思维过程来理解..."
0,1.250000,"所谓整体性，是指课程改革通常以区域为单位，由教育管理部门对本地区基础教育课程改革做出统筹规划、整体布..."
0,-0.069824,"反洗钱监测中心需要对可疑交易报告中汇总信息设定交易阈值(如超过某个金额的电汇数据)，超过阈值进行警告..."
0,2.765625,"新冠肺炎疫情发生以来，党中央统筹部署，全国人民迅速动员，举国上下展现出无与伦比的抗疫决心与团结精神，..."
0,-0.515625,"比如，欧洲学分系统，即全日制欧洲学生，每学年应获得６０个欧洲学分，每一学分又对应２５-３０小时的学习..."
0,0.482422,"一直以来，儿童健康权受到全球的普遍重视。联合国大会通过的《儿童权利公约》规定，每个儿童享有生存权、受..."
0,0.601563,"通过改变仿真系统中信号发射、接收端功能结构，降低系统各节点间信号传输数据量，提高系统运行速率，从而实..."
0,0.585938,"精神科护理学课程安排在本科阶段的第2学年第2学期&均选用徐国彬主编的0精神科护理学1）1*为教材'理..."
0,0.621094,"从财政事权和支出责任划分的角度，以双下沉两提升为代表的省域内医疗资源优化配置改革应明确省级政府的主要..."
0,2.265625,"与范畴研究同时并已有成就的还有命题研究。与范畴相比，命题无疑是更为复杂也更为深刻地表达思想观念的短语..."
0,-1.671875,"基本权利具有固有性、普遍性、不可侵犯性,但基本权利行使应以不得损害国家的、社会的、集体的利益和其他公..."
0,0.255859,"随着数据价值的日益凸显,个人数据面临着被过度搜集、挖掘、交易乃至跨境流动的风险，个人数据侵权问题随之..."
0,1.648438,"整合电商直播资源，重构直播营销体系。突破传统'4P'网络营销理论，遵循SICAS理论整合农产品直播电..."
0,0.304688,"Millstein(2009)提出了判断因果关系的CIT方法，将因果推断问题视为一条数学条件的链，所..."
0,0.074219,"重大突发公共卫生事件的防控工作是一项复杂的系统工程，任务大、要点多、牵扯面广，没有中央统筹的协调和部..."
0,-0.182617,"实践主体的多元化和主体实践的试错欲望，是导致教育技术实践文化漂移的根本原因。我国教育技术实践参与主体..."
0,-0.337891,"充分考虑各地区经济发展禀赋的客观差异需结合'十九大'后新时期国家的总体战略布局、能源产业规划等来制定..."
0,-0.667969,"近年来，区块链技术获得了各个行业的广泛关注，尤其是以高盛、汇丰等４０多家银行在２０１５年底成立的Ｒ３..."
0,0.104492,"同时，不法分子可能利⽤弱⼈⼯⽹能产品本身存在的漏洞，实现⾀⼰的犯罪⽬的。在这种情况下，弱⼈⼯⽹能产品..."
0,-0.730469,"如何理解实事求是、与时俱进这一解释立场?笔者认为，'实事'是指我国刑法规定本身(指刑法条文的语义范围..."
0,-0.435547,"综上所述，永久性肠造口手术患者的心理创伤远大于身体上的创伤，大部分患者产生强烈的负性情绪，多集中在手..."
0,2.171875,"结果A~E组苏醒时间、拔管时间及定向力恢复时间、收缩压(SBP)、舒张压(DBP)、心率(HR)、平..."
0,-0.851563,"值班律师出现以后，由于值班律师与犯罪嫌疑人被告人之间没有建立委托辩护关系，所以诉讼权利的告知义务释明..."
0,-0.644531,"城市综合体总承包项目管理难度较高，学界和工程界已有一些研究成果，如城市综合体投资风险管理、精益管理、..."
0,-0.202148,"多数研究指向高管薪酬对企业创新具有一定的促进作用。Ｂｕｌａｎ和Ｓａｎｙａｌ（２０１１）认为高管薪酬正..."
0,2.593750,"选取天津商业大学、天津工业大学、天津理工大学、天津师范大学、天津城建大学、天津中医药大学、天津科技大..."
0,-0.351563,"脊神经结扎模型(spinal nerve ligation model,SNL)是一种模拟单神经病变..."
0,0.484375,"阿尔茨海默病（AD）、帕金森病（PD）和多发性硬化症（MS）是常见的神经退行性疾病，往往伴随胃肠道动..."
0,1.093750,"个人信息则是具有个人识别性的信息,包括自然人的姓名,出生日期,身份证件号码,生物识别信息,住址,电话..."
0,0.945313,"在新一轮竞争全球化的大背景下，营商环境正受到越来越多经济体的重视，各国均在通过不断提升法治化程度以改..."
0,0.578125,"它是一个综合的概念，不仅是一个包容广泛的术语而且还可根据上下文语境来确定其具体所指的涵义，可以包括行..."
0,0.361328,"本研究基于因果推断方法检验mRNA在年龄和LGG之间的中介效应,年龄通过调控11个基因的表达，进而影..."
0,-0.695313,"由于踝关节特殊的解剖结构，发生骨折早期常伴有较明显的患处肿胀，严重的肿胀可造成疼痛加剧、延迟手术时间..."
0,0.335938,"传统算法是根据输入指令给出解决结果的特定任务程序，与之形成较大优势的是新一代人工智能的机器学习算法，..."
0,0.330078,"采用BCC模型对我国1999-2019年医疗资源配置效率进行纵向分析,同时对2019年我国31省市医..."
0,-0.925781,"然而，越来越多肾脏病理资料证实，糖尿病患者合并的肾脏损害中非糖尿肾病（non diabeticren..."
0,0.000000,"LQ越大，该地金融集聚水平越高，若LQ_i>1，说明i地区金融部门就业超过全国水平，表现出集聚现象。..."
0,-0.215820,"所谓'讲哲学'，首先'讲'的就是哲学是什么。那么要知道冯友兰如何看待中国哲学，自然应该从'讲哲学'谈..."
0,-0.335938,"基因组学在肿瘤耐药领域被广泛应用，主要是通过测序技术对生物体内所有基因进行表征和定量，研究其对生命活..."
0,0.507813,"2009年，区块链在'Bitcoin：A Peer-to-Peer Electronic Cash ..."
0,0.953125,"教育治理建立在公共治理的理论基础之上。学界普遍将新公共管理理论、新公共服务理论、公共选择理论等作为公..."
0,1.273438,"2017年中国步入社会主义新时代，各种新情况出现，体育志愿服务参与体育治理存在诸多挑战。在体育志愿服..."
0,-0.083008,"公众理解科学的必要性和迫切性，与科学需要的专长技能之间的矛盾，凸显了科学教育理解科学功能的重要性。并..."
0,-0.322266,"BPPV的管石复位是Portland耳科诊所的EpleyJM首先提出，其后根据不同半规管类型，不同学..."
0,1.390625,"目的：探讨血压昼夜节律与年轻高血压患者靶器官损伤的相关性。方法：研究纳入2012~2017年在中国医..."
0,0.167969,"在基本医疗保险制度外，各地通过开展儿童补充医疗保险，为儿童提供进一步保障。一是个人缴费，由政府建立针..."
0,1.242188,"该部分内容作为该书的重点，系统阐述了绩效管理的实践内容及步骤等，对于绩效管理的开展具有重要指导作用。..."
0,0.910156,"晚期肾细胞癌是指肿瘤细胞已经超出肾脏组织并侵犯周围器官或发生远处转移的阶段，由于肿瘤细胞引起肾脏结构..."
0,0.251953,"党的十八大以来，党中央、国务院高度重视农村宅基地管理制度改革与政策创新问题，在内容和实施路径上做出了..."
0,0.894531,"《国家中长期教育改革和发展规划纲要：2010-2020年》指出，课堂应以学生为中心，充分发挥学生的主..."
0,0.468750,"理论上，一方面，'营改增'避免了制造业服务要素投入环节的重复征税有利于企业扩大规模，提高制造业全要素..."
0,0.345703,"丙酮酸是糖酵解的重要产物，并且可以转化为乙酰辅酶A，乙酰辅酶A是柠檬酸合成的重要前体，柠檬酸则是柠檬..."
0,-1.515625,"作为一个常见的生活行为暴露，饮酒与ALS的关系引起了广泛关注。先前一项大型瑞典国家队列研究的结果表明..."
0,0.652344,"民法典侵权责任编的制定要着力解决我国当前社会生活中的问题，面向当下，符合‘此时此地的正义要求’。同时..."
0,1.656250,"由北京大学中国政治学研究中心承担，以北京大学俞可平教授为总负责人、北京大学何增科教授等学者参加的'中..."
0,1.179688,"韩晶（２０１２）在考虑环境污染与能源消耗的基础上，测度了中国各地区绿色创新效率及其影响因素，认为中国..."
0,0.098145,"结果表明:1)农户遗产保护认知的行为态度对其参与遗产保护意愿的正向影响不显著,但农户遗产保护认知的主..."
0,0.261719,"按照⽂献记载⽅法，应⽤Cochrane评价⼿册中的风险偏倚评估⼯具进⾏评估对纳入的所有随机对照试验⽂..."
0,1.171875,"本文在覆盖所有攻击类型的基础上，随机抽取部分数据，实现样本数据的均衡。数据集的统计信息如表１所示，在..."
0,0.196289,"古代文学作品是中华传统文化的载体，往往折射出古人浪漫的人文情怀和独特的东方审美。笔者在进行安徽省20..."
0,0.761719,"第一类观点支持波特提出的'波特假说'，认为妥善设计的环境规制能够引致企业创新，提高全要素生产率。Ｚｈ..."
0,2.046875,"在党中央的集中统一领导下，全国的优势资源被迅速整合，各方力量不断汇集，各个地区、各个部门、各个行业分..."
0,1.757813,"近年来，为进一步深化海外市场布局，大型网络文学企业纷纷搭建海外传播平台，拓展海外传播渠道。2017年..."
0,-0.134766,"不能获得真实用户评测结果，自然不能准确反映用户的真实情况．文献［１７］构建了位置和时间感知的社会协同..."
0,0.337891,"对于文学与社会历史之间的新型关系，新历史主义采用了经济学中的术语'流通''协商''交换'来说明，而这..."
0,0.535156,"跨区域城市轨道交通协调发展是适应城市圈层化发展、解决区域出行新需求的有效途径。跨区域城市轨道交通线路..."
0,0.000000,"如果企业的环境保护行为能为企业带来经济利益的提升，那么企业环境保护行为将成为一项主动行为，有利于提高..."
0,0.214844,"首先，《学前幼儿英语教育》一书强调了工作过程系统化课程设计对培养高职学前教育专业学生英语能力的重要作..."
0,0.464844,"统计异常数据流对于决策树各个节点的流量情况，记录异常数据流在决策树中最先开始分枝节点node，计算异..."
0,2.015625,"实验室多年来紧密围绕我国生殖健康的战略需求，聚焦人类生殖领域的关键科学问题，秉持'基础-预防-临床'..."
0,-0.437500,"中国武术作为具有中华民族代表性的文化遗产和优秀传统文化之一，其价值一直学者们研究的主要对象。不论是在..."
0,0.333984,"1研究对象以2019年1-9月在上海交通大学医学院附属仁济医院重症医学科轮转培训的住院医师为研究对象..."
0,-0.683594,"本研究结果显示,乳腺癌术后患者的SSRS与FCR得分呈负相关,表明乳腺癌术后患者疾病SSRS越高,其..."
0,-0.310547,"对５９所高校人工智能学院所在省份进行梳理，旨在了解当前我国高校人工智能学院的地域分布，进而宏观把握我..."
0,1.539063,"社区户内燃气系统的构成，如图2所示。社区燃气用户家中的燃气设施一般包括燃气立管、燃气表、燃气阀门、燃..."
0,-0.316406,"市场基础型方法是指包含市场预期的市场类指标(如股票市场收益率、市场价值、托宾Q值)，可以更好地反映企..."
0,-0.929688,"纵观２００６年以来政府发布的长期护理保险政策文件可以发现，长期护理保险对象从关注老年人发展到重点关注..."
0,-0.169922,"为抵抗马来西亚一元化的教育政策，并称为'董教总'的'马来西亚华校教师会总会'简称'教总'和'马来西亚..."
0,0.425781,"用户中20-38岁的男性青年占比70成以上，且绝大多数为大学及以上学历，其中大多数为学生或是外派中国..."
0,-1.796875,"从整体上来说在全球互联网化的时代里网络安全与国家的利益企业的安全民众的权益等都密切相关并成为影响网络..."
0,-1.492188,"凯恩斯主义主张突破古典经济学所创造的年度平衡预算限制，信奉通过灵活的财政预算管理来保证高就业水平,却..."
0,0.453125,"可以避开各种困难知识的学习，人们无须再去进行繁杂的理解、计算、推理，这类事情交由人工智能完成。事实上..."
0,0.431641,"关于住房保障政策评估方面的研究，国内外学者着重探讨了保障性住房供给、住房保障政策、制度的阶段性特征，..."
0,0.656250,"非正态分布的计量资料以中位数M和第25、75百分位数P25,P75表示，组间比较采用独立样本秩和检验..."
0,-1.359375,"由中德科学中心资助尧华中师范大学教育大数据应用技术国家工程实验室承办的GZ1531国际学术研讨会于3..."
0,-0.730469,"企业技术创新需要以高强度研发投入为前提，Ｗｉｎｄ数据也显示上市公司披露的研发费用数额持续增长。影响企..."
0,2.843750,"医院环境清洁程度、灭菌消毒效果与医院感染存在紧密关联，而医院感染控制与管理是保障医院安全运营的基础，..."
0,0.660156,"我国的慢性病管理由以医院为主逐渐转为以社区为主。医院诊断应针对慢性病患者制定个性化治疗方案和进行自我..."
0,0.072266,"沙库巴曲缬沙坦口服后快速吸收，可在体内分解为两个活性成分缬沙坦和沙库巴曲。沙库巴曲在体内很快被羧酸酯..."
0,-0.964844,"一方面,对于欠发达地区、乡村地区、部分西部地区等外围地区而言,旅游业是经济发展、社会就业和居民增收的..."
0,-0.707031,"然而，人们逐渐认识到，专家系统面临着'知识工程瓶颈'问题，即依靠人把知识总结出来再教给计算机是相当困..."
0,1.210938,"产层组合的前提条件是各产层物性及流体性质相似。多煤层低渗条件下，储集层物性基本相似，但储集层压力及临..."
0,0.474609,"我国作为全球人口最多的国家，在充分保障国内民众卫生健康权利的同时始终致力于为全球治理提供'公共产品'..."
0,0.380859,"１．３血肿体积测量血肿扩大的定义为２４ｈ内两次头颅CT平扫图像相比，血肿至少扩大３３％或６ｍｌ以上，..."
0,0.855469,"在血浆中的浓度均会升高，因此，13-TG和PF4是血小板活化的重要指标。临床研究发现，急性心肌梗死和..."
0,0.453125,"刮痧治疗腰椎间盘突出有镇痛效果，天冬氨酸、谷氨酰胺参加丙氨酸、天冬氨酸和谷氨酸代谢。在谷氨酰胺酶的催..."
0,1.007813,"文献作为人类认识和改造世界的重要资源，是进行科学交流、获取情报、传授知识的重要工具，同时也是文献学、..."
0,-0.457031,"监督是治理的基础，国家审计作为一种重要的外部监督制度安排，是应对法律机制和市场机制失灵的重要补充，是..."
0,0.000000,"而弱势部门要向强势部门请求开放数据接口或者调用相关数据，大多情况下并不能得到强势部门的真心配合。此外..."
0,1.109375,"'四大名著'中最早进入中学语文教材的是《西游记》，统编本语文教材七年级上册的名著导读便是《〈西游记〉..."
0,0.498047,"针对不孕不育高发和经济负担沉重问题，部分低生育率国家制定了多元化的医疗保障政策[１４－１５]，提高了..."
0,0.566406,"履⾏判决作为法院在综合研判案情的的基础上，以事实为依据、以法律为准绳作出的裁定结果，直接表现为司法权..."
0,0.472656,"综观国内目前对于壮剧的研究，主要集中于两个方面：一是探讨如何充分发掘和保护传统壮剧的资料、传承人和表..."
0,0.414063,"美国法的域外适用充满了不确定性，行为类型、主体、经济背景、社会因素、监管环境、法官背景等都会产生影响..."
0,0.261719,"但金融监管机构和互联网金融企业在投入监管科技的过程中面临着监管双方信息不对称且尚未形成统一的标准和体..."
0,1.437500,"1934年，于学忠在《重印畿辅通志序》中说:'同光之际，李文忠督直隶最久，特延黄子寿先生总其成，复广..."
0,-0.812500,"然而，随着大学生学习投入实然状态的研究及其批评理论的出现，学习投入研究的关注点逐渐发生了变迁。Asa..."
0,0.187500,"当生菜生长到莲座期，摘取中间的生菜叶片，剔除新、老叶，进行图像采集。将生菜叶片置于一張A4白纸上，用..."
0,0.972656,"如果按照这种思路延展，重蹈我国司法审判中对旧法一般条款（第2条）适用的反向演绎逻辑，依据未来新法一般..."
0,-0.488281,"唐代诗歌就像一颗璀璨夺目的宝石在历史的长河里熠熠生辉展现出独特的魅力它既是传统文化的代表又是人类诗歌..."
0,0.800781,"但霍译本的译文却全都用抽象名词做主语。霍译本把具体的生命体变异成非生命体（客观世界或抽象概念），反映..."
0,0.890625,"后期维特根斯坦重新思考了《逻辑哲学论》中提出的'语言图象论'，开创了以'语言游戏为核心'的'日常语言..."
0,-0.241211,"中国近现代史的主流和'纲要'课程的性质就决定了'纲要'课教学目的主要是让大学生认识近现代中国社会发展..."
0,-0.194336,"'中国近现代史纲要'课是以历史叙事方式对大学生进行思想政治教育的一门必修的思想政治理论课。在实际有限..."
0,-0.820313,"在５Cs模型的基础上，有国内学者编制了９８条目（ChinesePositiveYouthDevelo..."
0,2.234375,"例如，国外的矿业权出让金（即矿业权申请者为取得矿业权而向资源所有者支付的费用）、中国体现国家所有者权..."
0,-1.062500,"Henstridge等应用了解剖组织的高分辨率成像与神经病理学,基因筛查和ALS病例的认知分析的独特..."
0,0.933594,"科尔曼（J.S.Coleman）在《哈佛教育评论》中提出了'教育机会平等'的概念，胡森（T.Huse..."
0,-1.359375,"２０１６年１２月，国务院印发了《'十三五'国家信息化规划》（后文统一简称为《规划》），《规划》中提到..."
0,0.085938,"0技术,引导顾客通过多种方式参与企业创新、进行自主研发生产成为工业4.0时代的一种时尚。加之2020..."
0,0.894531,"法院不仅可以对已有专利立法条款进行限制、补充和协调，使得即使在缺乏具体法律规定的情况下，亦可依此原则..."
0,0.863281,"基于耗散哈密顿系统的控制方法是一种从能量角度研究控制策略的方法。不同于传统的控制方法，端口受控哈密顿..."
0,-0.192383,"由于中国地域辽阔不同区域的创新资源禀赋各异有效的区域创新政策内容应针对区域特色优势资源进行灵活定制以..."
0,1.140625,"'行为标准'主要考察发生在美国境内的行为是否对整个证券欺诈活动具有关键作用；'效果标准'则与新证券法..."
0,0.181641,"从微观角度看，个别医疗机构不重视最根本的'三基三严'训练，部分医务人员基本功不扎实，无法保障最基础的..."
0,-2.093750,"操作系统作为软件系统的核心,其安全性与可靠性是构造高可信软件的最为关键的一步.嵌入式实时操作系统因其..."
0,0.380859,"在知识经济和信息时代，面对爆炸式增长的网络知识和不断更新的数字技术,教师原有的知识能力已经无法满足自..."
0,0.094727,"当前装备机械系统趋向高机动、轻量化和精密化方向发展,如航空发动机、重型燃轮机、火炮供输弹系统等复杂机..."
0,0.000000,"从家庭联产承包责任制和社会主义市场经济体制下的农村发展到社会主义新农村建设，再到乡村振兴战略和美丽乡..."
0,0.294922,"尧斯认为，读者在阅读时会从类型的前理解、已经熟识作品的形式与主题、从诗歌语言和实践语言的对立中产生期..."
0,0.253906,"2001年，以美国麻省理工学院为首的一批世界一流大学启动了开放课件项目。2002年，联合国教科文组织..."
0,1.171875,"随着土地改革等建设改革运动如火如荼开展，我国农村生产力被大大解放，国家建设对农业技术人才的需求与日俱..."
0,0.664063,"主要涉及计算广告的信息检索技术、定向技术、文本分类与挖掘技术，尤其是基于大数据计算的各种算法，甚至包..."
0,1.968750,"文化研究在台湾意味着什么？陈光兴将文化研究的出现归结为台湾的社会历史转型，'在面对社会剧变的浪潮中，..."
0,0.718750,"研究发现积极财政政策有效促进了微观企业平稳度过困难时期，在微观企业层面取得较好效果，有力地推动了经济..."
0,-0.917969,"因而,有学者提出,'面对高等教育全球化的发展趋势,斯里兰卡高等教育的发展需要以提供服务和创收为导向的..."
0,0.531250,"例如危机发生前的突发公共卫生事件预警工作是否完善?危机治理中是否有效利用了科学技术?危机解除后,如何..."
0,0.703125,"2017年2月至2018年6月,采用便利抽样法选取深圳市3所三级甲等综合医院收治的180例乳腺癌术后..."
0,-0.605469,"揭示目前人工智能教育现状的'技术主义倾向'、'学科特质不够'、'教育功能狭窄'和'智能水平不高'四重..."
0,-1.687500,"2005年HIBBARD等［12］又对该量表进行提炼精减到13个条目的PAM简版量表。本研究采用的是..."
0,1.085938,"背景尽管有证据表明父母与早产儿之间互动的增加可以改善早产儿及父母的结果指标，但父母通常被认为是新生儿..."
0,0.882813,"鉴于此，本文采用ＦＳＩ对供给侧结构性改革期间系统性金融风险进行识别，从而为预警模型的构建奠定坚实的基..."
0,0.632813,"依据信任调节模型，信任是个体理解与他人的关系的核心要素，信任通过影响一个人对未来行为的评估或解释另一..."
0,1.546875,"与杓型组相比，非杓型组患者年龄较大、男性占比较低、eGFR较低，差异均有统计学意义（P均<0.05）..."
0,1.375000,"以创新发展为引领的五大发展理念，既是区域经济发展的基本原则，也是破解上述诸多挑战的法宝，是构成中国特..."
0,1.296875,"随着《条例》和《规定》的实施，学界借鉴域外信息公开制度的经验，对信息公开的范围大多主张以公开原则为指..."
0,-1.039063,"他认为前者所包含的道德责任的概念在西方占据统治地位，意在排除或取代所有的其他的伦理学的考量，而实际上..."
0,-0.182617,"国外研究者对数据产权问题的研究主要以厘清数据客体上所承载的权利为出发点,DAVID(2001)认为数..."
0,-0.302734,"高校'纲要'课承载着教育引导学生领会'两个深刻'、坚定'四个选择'的教学使命，最终使青年大学生坚定中..."
0,1.070313,"我国侦查取证规则存在诸多不足，基于刑事证据规则一体化的视角，构建系统、全面、科学的侦查取证规则，显得..."
0,0.120117,"第二篇重点厘清了修辞和语言、语言和文字的关系，明确提出'修辞所可利用的，是语言文字的一切可能性'。其..."
0,0.917969,"随着金融跨境活动日益频繁，各国逐渐在不同程度上规定和扩展了其境内法律的域外法律适用情形。为避免可能引..."
0,0.828125,"学习分析用到的数据分析与处理方法一般有三类：(1)统计学方法，包括描述统计、排序、方差、相关分析、回..."
0,-0.640625,"本研究结果显示,合并CMBs的PD患者认知功能更差,对药物反应性越差,WMH和LI的程度越重,并且C..."
0,-4.093750,"收集所有患者的术前、术后第1天和术后1年内随访资料，术前接受X射线和计算机断层扫描(com­pute..."
0,0.558594,"詹姆逊把资本主义划分为三个阶段:马克思撰写《资本论》时期的国家资本主义阶段、列宁论述的垄断资本主义或..."
0,-2.375000,"ChaibongH认为制度理论包含强制性、规范性和文化－认知性三个要素，这三个要素是制度理论的基础和..."
0,0.781250,"2021年3月,《中华人民共和国国民经济和社会发展第十四个五年规划和2035年远景目标纲要》指出要'..."
0,-0.472656,"在满足知识产权国际保护基本要求的前提下，我国确立的知识产权保护水平和具体的制度架构无疑应当充分考虑我..."
0,0.503906,"研究发现，社会资本与健康之间存在正相关关系，即社会资本水平较高的群体的平均健康状况要优于社会资本水平..."
0,0.386719,"则管网中单元i的正常工作的概率为Pi=1－ni×Tr/(365×24)。定义路径连通率为路径上所有单..."
0,0.466797,"勒鲁瓦-古兰从民族学的角度来考察技术逻辑的普遍性，并提出了'技术趋势'的概念。他认为'技术趋势具有普..."
0,1.007813,"该项目的芬兰语首字母缩写为TASUKO，其成员来自所有开展教师教育的高校，负责人是赫尔辛基大学的伊琳..."
0,-1.859375,"由于程序语言的复杂性、程序性质的多样性,自动化的程序分析往往具有相当大的难度.根据Rice定理:对于..."
0,1.156250,"《语言学的邀请》一书被誉为一本语言学经典，因其受到世界各地读者的广泛喜爱，现已被译为八种以上的语言。..."
0,1.656250,"通常，每颗卫星使用多波束天线进行覆盖，每个波束将形成一个小区，因此地球表面将由同一卫星的不同波束以及..."
0,1.398438,"脑卒中占全球所有残疾调整生命年(disability-adjusted life years,DAL..."
0,0.871094,"河北省应主动采取有效措施来解决区域经济发展失衡问题。⼀⽅⾯，河北省应充分发挥部分地区的优势，推动当地..."
0,-0.679688,"阳明心身学说认为：心是身的宰制，身是心的形体运用；在本来意义上，道心人心是一而非二，在心之类别上，道..."
0,0.773438,"刮痧治疗腰椎间盘突出症被广泛应用于临床，且疗效十分显著。相对于临床试验研究，现阶段该领域仍极其缺乏对..."
0,-0.111328,"法律应对人工 智能问题进行顶层设计，建立‘人工 智能社会的宪法’，意即人工 智能对法律体系和法律制度..."
0,2.296875,"在前沿领域形成领先优势。三是安全可控,以产业链供应链安全可控为重要基础。新发展格局要求大幅提升产业基..."
0,0.000000,"从准则层可以看出，失地后弱势群体的社会保障水平有了明显提高，居住情况基本持平，但经济状况、发展机会、..."
0,-0.068359,"10月B日全面依法治国论坛暨实证法学研究年会2019在河南郑州召开会议由中国社会科学院法学研究所河南..."
0,1.242188,"汉译'观念史'和'思想史'，原本似乎是一回事，却可能让人无所适从。同样，德语中的'Ideengesc..."
0,0.202148,"背景血脂异常、原发性高血压、糖尿病、肥胖、吸烟、不健康饮食及身体活动不足等是动脉粥样硬化性心血管疾病..."
0,1.046875,"三是儿童照料服务,包括3岁以前托育与3-6岁学前教育的公共投入情况,以及6岁以下儿童照料服务覆盖程度..."
0,-0.960938,"社会心理学家将‘偏见’定义为对某一社会群体及其成员的一种不公正态度，是一种事先或预先就有的判断。如果..."
0,1.984375,"自20世纪80年代中期开始，中国学术界曾以国家社科基金课题的形式开展'现代新儒学思潮研究'。这一课题..."
0,1.007813,"因此，经常从事健康行为(如体育锻炼、合理饮食、体检、休息放松等)的个人健康状况更好，经常从事风险行为..."
0,0.082031,"体而富有弹性的形象。作为一种文化的复合体，射不仅仅是一种技艺，还拥有丰富的文化内涵旳。然而，目前的射..."
0,-0.104492,"有学者认为，由于平台用工的新特点，实践中大量平台工人与平台企业的关系无法被认定为劳动关系，如果引入雇..."
0,1.460938,"防疫亦不例外在研究防疫社会行为的深度访谈，有两个案例极大地触动了笔者作为社会学研究者的专业感知。第一..."
0,-0.562500,"根据IRCU62定义，LD-SCLC放疗靶区主要包含4个部分：GTV、CTV、ITV和PTV。GTV..."
0,-0.285156,"在《克兰福镇》中，小说叙述者玛丽就因其客 居小镇的身份而缺席诸多重要故事情节，只能在女士们的闲谈聚会..."
0,-0.355469,"探究美国制造中美贸易摩擦的现实动因，会发现中美贸易冲突有着一定的历史必然性。尽管中美双方对贸易逆差规..."
0,0.718750,"在健康志愿者(⽩种⼈为主)中进⾏的沙库巴曲缬沙坦单次给药剂量递增试验中J，单次⼝服200m g、60..."
0,-0.617188,"西伦敦大学（UWL）和卧龙岗大学（UOW）都表示学习分析的使用对所有的利益相关者需要保持数据透明度，..."
0,0.494141,"相比于语义学的理论和知识，本书更想传达的是一些关于人性和人生的哲学层面的思考。而这些深刻的智慧不仅来..."
0,-1.156250,"由于物理层载体由双向变更为单向，所以在其之上的链路层、网络层和传输层协议也需要进行适应性的调整。了报..."
0,-0.333984,"模型是在规模报酬不变的情况下，评价决策单元的有效性，其中有效性包括规模有效和技术有效。假设有N个决策..."
0,-0.162109,"围⽉'四原⼋'，作⼋钱冠连与国内外语界专家共同针对西⽅语⾔哲⼋的'两个传⼀'做_r发展创⼥。下部收录..."
0,0.683594,"本书侧重研究的是唐诗通过音乐的吟唱方式所达到的效果，以及'歌'在推动诗成为独立文学体裁并不断丰富发展..."
0,0.593750,"NSCLC进展迅速，多数患者确诊时为晚期,NSCLC患者目前的生存现状及预后均不容乐观，以纳武利尤单..."
0,-0.423828,"在资金投入方面，国家不仅通过各项制度诸如养老保险等保证国家对于养老的资金投入逐年上涨，而且还采取各项..."
0,2.343750,"也就是说,普京将俄罗斯贫富差距和收入差距拉大的原因归咎于经济转轨初期的'休克疗法冶及与之相关的市场化..."
0,0.277344,"第二，重视发展教育事业，建立多元筹资渠道。现阶段资源有限，政府在发展教育事业的同时，还需要兼顾医疗、..."
0,-0.064941,"FAsD共包含2个维度、13个条目，每个条目按照Likert5级评分法，用于测量过去1周内患者疲乏症..."
0,0.820313,"例是指语法形式和词汇意义为真的句子，也就是说，我们无须参照外部标准就可直接从意义上判断是真或是假的句..."
0,1.765625,"做好定点医院和非定点医院准备。在新冠肺炎防控中，通过建立发热筛查机制，完善发热门诊管理，加强体温检测..."
0,-0.052979,"协调员对知识、技能和捐献事业的发展有着不懈的追求，这是因为器官捐献工作的特殊性和专业性所决定的。协调..."
0,0.103027,"我国宪法第二章是关于公民基本权利和义务的规定。其中，从第33条至第50条以列举的方式确立了诸如平等权..."
0,0.137695,"脱硫率大于９７％以后烯烃饱和率快速上升的原因是发生了再生硫醇反应。汽油产品中硫醇硫含量与加氢脱硫率的..."
0,-0.796875,"受试者签署知情同意书，于试验前1d进行心脏彩超和心电图检查。超声检查结果显示，受试者左室射血分数大于..."
0,1.843750,"青年是国家的未来和民族的希望，党和国家历来高度重视青年、关心青年，坚持把青年作为党和国家事业发展的生..."
0,-0.519531,"城市经济学与其他经济学分支学科最大的区别是更加关注土地要素的利用问题,这一问题来自于德国经济学家冯·..."
0,0.099609,"同时,学界认为共享经济下信任是维持消费者、服务提供方及平台运营商三者之间关系必不可少要素,并有研究证..."
0,-1.078125,"线上测试分为测试和自测,其中测试由教师结合研究热点或聚焦案例出题,自测由学生针对重点、难点出题,评价..."
0,0.832031,"谈及身份政治，很容易使人想到本土主义（nativism）。本土主义往往执著于殖民之前理想化的民族文化..."
0,0.699219,"为有效应对跨境电商侵权诉讼、推动我国跨境电商业务的良性发展，一方面，电子商户需要加深对域外知识产权法..."
0,0.296875,"目前仅有屈指可数的数据：大陆地区2010-2013年在黑龙江省大庆市的流行病学调查数据显示，经过标化..."
0,-0.291016,"行政复议机关是否作为行政诉讼的被告是2014年我国《行政诉讼法》修改中的一个重要争议点,其中,行政复..."
0,-0.718750,"这些文学类型均与当时的生存环境和获取资源的方式有关。时至中世纪，欧洲政治经济模式以及教会势力范围发生..."
0,-0.609375,"提升民生福祉是经济社会发展的根本目标和公共政策的聚力方向。何为幸福以及如何提升人民幸福感的研究在提升..."
0,-1.085938,"传染性疾病是全世界社会公共健康和经济稳定的重要负担，老传染病'回潮'，新型传染病不断发生。在世界卫生..."
0,-1.273438,"同时，还有一些作家和文学批评家比较注重对诗歌艺术境界的探讨，晚唐的司空图就是这派诗论的代表，他认为对..."
0,-0.088379,"在唐朝，危害国家安全的犯罪行为有多方面，主要涉及叛国投敌、非法武器交易与漏泄国家重要信息等。唐律就从..."
0,-0.976563,"再须协⼿历史学家，社⽥学家，⼈类学家，宗教学家，艺术⼦，以及民族⼼理学家等等，共同商定条理，着⼿搜集..."
0,0.914063,"发布课前自测,了解学生对知识点的掌握情况,老师上课有的放矢。课堂设计小组讨论、小组测试、答疑解惑、知..."
0,-1.132813,"时间长了也知道该怎么调整自己的心态,最重要的就是照顾好孩子.'照顾者N３表示:'刚开始确实难以接受,..."
0,-1.375000,"2020年，逆全球化引发的中美贸易摩擦已经持续两年，新冠肺炎疫情暴发并蔓延到全球，全球经济遭受沉重打..."
0,2.406250,"弓驸俗称握把，乃持弓手握弓部位，多以硬木为之。弓艄俗称弓梢，为插接在弓渊上并附有弦口的木质梢头，多选..."
0,0.161133,"简单析之,人文学科侧重主观,涉及价值,尊重个体的独特性,其知识生产模式主要是以权威的论断和自我的直观..."
0,0.917969,"矿井防尘供水管网主要由水池、水泵、阀门、用水点、水管以及管段连接部件等组成，经简化并忽略管网内部结构..."
0,1.796875,"一方水土养一方人。自然环境深深地影响着人们的生存状态、精神面貌及文化性格。中国文学的地域性较强，从古..."
0,1.453125,"地方决策主体对政策创新稳定性和收益性的追求，亟须具有低风险性和低成本优势的政策工具与之耦合，政策扩散..."
0,0.843750,"其次，《学前幼儿英语教育》一书明确了工作过程系统化范式下构建高职学前教育专业学生英语能力评价体系的必..."
0,-1.312500,"从已经出版的民法典学者建议稿来看， 王利明教授主编的《中国民法典学者建议稿》[13]、梁 慧星教授主..."
0,0.566406,"扎根理论是众多质性研究方法论或研究风格中的一种，在美国实用主义和芝加哥社会学派的影响下，由两位美国学..."
0,0.320313,"2015年国务院办公厅出台的《关于推进分级诊疗制度建设的指导意见》（国办发〔2015〕70号）指出，..."
0,-0.546875,"在工业社会,资本是工业化大生产的关键要素,资产阶级之所以能占有统治地位,主要是因为拥有了资本和技术这..."
0,-0.257813,"微型嵌入式系统是传统嵌入式系统量级较小的部分，通常该系统的操作系统的大小只有几K到几百K。因此与其他..."
0,0.785156,"广东地处我国华南经济圈的核心区，处于新崛起西太平洋新月形经济带的关键位置，是我国参与经济全球化的主体..."
0,-1.570313,"第一章，罗列基本问题，进行概括论述，从宏观上对现当代文学理论进行梳理。第二章，从意识形态的层面展开分..."
0,-0.088379,"上述态势造成三方面风险：第一，加剧基于新兴技术的军备竞赛风险；第二，增加大国间发生冲突甚至战争的可能..."
0,0.289063,"此次《土地管理法》修改，在吸收《国务院关于深化改革严格土地管理的决定》《关于完善征地补偿安置制度的指..."
0,-0.435547,"在某个时刻大量的移动设备用户持有一条由其移动设备产生的位置数据不可信的服务器欲获知某个区域内的移动对..."
0,0.507813,"此次新冠疫情的防控，促使我们需要在法律、行政法规实施一段时间后及时进行立法后评估，修改法律规定在具体..."
0,1.281250,"但如果仅仅将后现代主义简单地视作继现代主义之后的另一种文化流派也未免过于草率，因为它毕竟涵盖了许多现..."
0,0.847656,"在进行启拓教学过程中，首先，构建教学专题时，基于教材又要超越教材，融入最新学术前沿问题和最新研究成果..."
0,-1.062500,"在全国抗击新冠肺炎疫情取得阶段性重大胜利的背景下，本文着重对抗击疫情的应急救援相关经验教训进行总结与..."
0,0.609375,"在苏童看来，'小说有时就是一次无中生有'，作家凭借小说'推断人性的复杂'。换言之，苏童不是靠体验而是..."
0,0.847656,"新中国建立以后，对中国经济史学以至整个中国史学界影响最为深远的变化，就是确立了马克的。由于马克重视经..."
0,-0.353516,"为保证效率，受ＰＳＯ进化算法思想的影响，改进搜索方程，引入精英档案学习思想，精英档案学习策略如式(５..."
0,-1.046875,"２０世纪３０年代以来，西方国家就出现了健康不平等现象，即不同社会经济地位群体在不同健康维度上呈现系统..."
0,-0.080566,"目前，用于HD临床试验的ASO，是经过化学修饰后的靶向人源HTTmRNA的第二代反义寡核苷酸IONI..."
0,-3.031250,"从其⽀出结构来看，随着养⽼服⽣项目的不断增加，福利彩票公益⾦⽀出的范围也在不断扩⼤，如2014年增加..."
0,-1.601563,"上海养⽼服⽣财政政策的出台涉及上海市政府、市发改委、⽼龄委、财政局、民政局、⼈社局、市卫计委、市教委..."
0,0.925781,"因此，本文一方面利于微观企业(尤其是多元化经营企业)在面临较高宏观经济不确定性背景下，制定和实施与企..."
0,0.000000,"我国应借鉴国际经验，实现职工医保和居民医保的待遇统一，以及以家庭为单位参保、按常住地参保，从根本上补..."
0,2.125000,"我国刑事诉讼法修改后确立了值班律师制度，理论界将值班律师定位为提供法律帮助的法律援助者，但实际上值班..."
0,-1.125000,"随着人们生活方式与社会环境的不断变化癌症发病人群和数量逐年增加疼痛作为癌症患者主要的临床症状之一逐渐..."
0,0.261719,"而且使每个人都有充分的闲暇时间去获得历史上遗留下来的文化--科学、艺术、社交方式等等--中一切真正有..."
0,1.484375,"自2015年开始实施新《预算法》以来，新《预算法实施条例》征求意见稿历经五年修改，于2020年10月..."
0,1.140625,"0行动计划》和《教育部关于全面深化课程改革，落实立德树人根本任务的意见》、面向核心素养的《普通高中信..."
0,0.075195,"《云南省流动人口服务管理条例》的发布日期是2012年7月29日，施行日期是2013年1月1日，因此云..."
0,1.500000,"此外，关于积极发挥新消费引领作用加快培育形成新供给新动力的指导意见指出，积极发挥新消费引领作用，加快..."
0,0.695313,"其次，要充分考虑青海的现实发展基础。青海深居内陆西部，地处高原，气候寒冷，自然灾害频繁，恶劣的自然环..."
0,2.593750,"（2）加强疼痛管理知识技能培训，特别是镇痛药物应用、神经区域阻滞等战场实用技能的学习；（3）规范伤员..."
0,-0.613281,"鉴于教育立法评估在国内外都尚未成为一个有着非常清晰的内涵和外延的概念，也未成为一个具有特殊性的专业概..."
0,0.628906,"因此，写作需要深入学习，这种学习是一种需要通过主动阅读尧思考尧实践等途径建构写作知识或技能的活动，其..."
0,0.285156,"同时，由于很多的开源软件更新频繁，软件之间的依赖等关系复杂，基于这些软件包构建的操作系统也要不断迭代..."
0,0.617188,"现代医学体系发展之前,医师独立执业并承担个人责任.随着现代医学的发展,医疗逐渐演变为以医院为载体的系..."
0,1.828125,"拒不消除事故隐患,即'因存在重大事故隐患被依法责令停产停业、停止施工、停止使用有关设备、设施、场所或..."
0,2.218750,"药物重定位是针对已获批上市或未上市但结构明确、生物活性已知的药物分子，探寻其潜在的靶标，扩大其适用范..."
0,0.000000,"首先，文学活动与伦理活动的主体差异。一般而言，伦理活动的主体是在一定社会关系中的人，伦理本身指的就是..."
0,-0.730469,"精准医疗有时也被称为'个性化医疗'，它是一种通过考虑具体个人的特征、环境和生活方式的差异来定制疾病治..."
0,-0.902344,"结合美国培训和开发协会(ASTD)对就业能力的划分中将适应能力界定为包含问题解决能力和创造性思考两个..."
0,-0.500000,"最高患病率在欧洲、加拿大和美国分别为322/10万，加拿大319/10万，美国214/10万。UC在..."
0,1.101563,"中医学认为，瘀泛指由于气虚或气滞、痰浊、食滞、瘟疫、暑热、寒湿、情志刺激等因素导致血液运行不畅，或积..."
0,0.086426,"对差异基因进行GO功能注释，病毒感染后有204个显著富集的GO条目，其中有186个GO条目涉及生物学..."
0,1.703125,"港口是其所在城市和腹地经济增长的重要引擎，已从单一交通基础设施转变为全球物流网络和产业链的关键组成部..."
0,-0.169922,"广泛性焦虑障碍（ｇｅｎｅｒａｌａｎｘｉｅｔｙｄｉｓｏｒｄｅｒ，ＧＡＤ）是一种以焦虑为主要临床表现的精..."
0,0.761719,"该记号表示在前置条件满足时，进程P可以在状态下完成动作a并变迁到状。进程P的状态定义为逻辑时钟、信号..."
0,-0.750000,"现阶段人工智能伦理等需要进一步研究和讨论，唯技术论忽略了技术背后的意识形态逻辑，这会导致青年学生的正..."
0,0.087891,"框架效应是指选择的背景或问题呈现方式影响选择的结果。其中的框架主要是指问题表达中相关信息组织架构的形..."
0,0.738281,"采用累及野照射(involved field radiation therapy，IFRT)方式，剂..."
0,-0.859375,"我国基础教育发展仍然存在着不平衡、不充分的问题。'不平衡'是指区域、城乡、校际、群体之间的教育水平差..."
0,-1.078125,"美国联邦政府部门需要根据部门职能和工作规划制定并向OMB和国会提交5年的战略规划,每隔3年对战略规划..."
0,0.644531,"吉林长春长生公司问题的疫苗案件发生以来，习近平总书记高度重视，多次作出重要指示，要求严肃问责，依法从..."
0,-1.429688,"本研究通过学生的小讲课、操作代表指导学生的方法，让学生去'教授给他人'，这两个环节也有学习金字塔中的..."
0,0.554688,"针对持续集成环境下回归测试需要进行持续优化的问题，提出一种依据回归测试目标自适应调整策略的优化方法。..."
0,-0.097656,"针对学生班级学习的差异性和一致性，凤天小学坚持优秀教师带动群体备课、教师个体独立备课，坚持教研组每课..."
0,0.000000,"政府行政机关依法通过数据开放网站政务新媒体等渠道向公民法人或者其他组织免费开放政府数据，不但深化了政..."
0,1.257813,"由其私产进行填补，并可向设计者、制造者、销售者或使用者等责任主体追偿；公共使用时，自动驾驶交通行业作..."
0,1.804688,"分析认为，预应力筋位于截面中部，限制了其对试件强度的贡献，造成预应力筋面积变化带来的强度增幅变化不明..."
0,2.750000,"推进剂加注是火箭发射前的重要环节。加泄连接器的对接与脱离既是加注中的高危险环节,又是实现加注过程自动..."
0,0.738281,"第四章阐述中国革命改革浪潮新道路的创建，从以俄为师全面学习，西学东渐且西俗东渐，转而新时代中国共产党..."
0,1.031250,"尤其增加和突出了运动员获得法律援助的权利，这将为各国关于运动员相关权利保护提供诸多启示。各国都可以考..."
0,2.140625,"门型取苗机构主要由滑槽侧板、翻转门架(含翻转机构)，取苗爪安装板、翻转气缸以及取苗爪组成，其机构运动..."
0,-0.855469,"实验结果表明，对数据进行增强后,Basenet与FRnet准确率均有所提升。这两次实验中,FRnet..."
0,0.163086,"查阅《楚辞集校集释》，'丽'字主要有几种观点：第一种为动词，表示进献之义，例如《楚辞补注》：言先进靡..."
0,0.808594,"如果纳税人能很容易地遵守某一规则，而不会产生过多成本，则该规则将变得简单。第五，行政管理。如果税务机..."
0,0.435547,"目前，中国与东盟国家已经构建了诸多职业教育交流平台。从国家层面而言，主要有一年一度的'中国-东盟教育..."
0,-0.162109,"通过用全文检索策略检索交易双方名称'××公司'、交易金额以及交易产业，收集相关新闻报道627篇（同一..."
0,0.000000,"从更宏观的权力-权利谱系来看,数据权包括数据主权和数据权利,所谓数据主权,强调的是数据的国家主权和安..."
0,1.382813,"一方面，阿里巴巴在天猫为苏宁开设超级旗舰店，其电商平台为苏宁易购带来大量的流量，并为苏宁线上、线下营..."
0,0.183594,"目前我国公共卫生护理的实践和发展滞后于全科医学，如何定位PHN的人才培养、实践准入、岗位定位、实践范..."
0,1.203125,"参加本次开放式实验的学生分组后,带教教师要求每个学生独立完成实验设计,并交于实验小组共同讨论,最后拟..."
0,0.570313,"但是，近代中国却没有完全沦为殖民地，其原因就是在于'中国人民不甘屈服于帝国主义及其走狗的顽强的反抗精..."
0,0.273438,"机载卫通天线安装在大型无人直升机平台上，与卫星进行实时通信，无人机巡检作业时旋翼遮挡会对卫星通信造成..."
0,0.168945,"1957年4月，国家计委改变了之前'全力发展重工业、忽视或轻视农业和轻工业'的做法。也在同年7月召开..."
0,-1.875000,"医生的关注。所以医疗实践、临床研究中的科学合理对照研究，重视相关临床证据、客观指标变化以及终点事件发..."
0,-0.248047,"不同年龄人群归因于室外PM2.5暴露的CVD疾病负担存在差异，尽管老年人群的PAF较低，但是由于其免..."
0,-0.159180,"对于谣言的认定,不同语境下具有不同的概念内涵。值得注意的是，对于谣言（网络谣言）的界定应当区分其生活..."
0,-0.890625,"社会化学习系统的技术智能化主要通过神经网络技术学习系统构建智慧学习信息通信等技术或者手段得以实现在社..."
0,-0.458984,"同时通过网络技术构建的实训教学平台可创设临床场景并适时录播，远端教室讨论可通过播放不规范的操作让学生..."
0,-1.359375,"地理国情普查质检软件主要是针对地理国情普查相关技术规定设计检查方案，方案的制作是选取相应的图层、代码..."
0,-0.306641,"植根于中国理解世界，置身于世界研究中国，是中国经济史学人义不容辞的义务和责任。经济史研究不能坐井观天..."
0,0.229492,"数字压力记录仪基于存储测试法进行研制,由压电压力传感器、A/D转换器、运算处理器、数据存储器、标准接..."
0,-0.223633,"众所周知，由于文化上的差异，在我国体育科学研究领域，长期以来，我们总是用西方体育文化的种种要义，西方..."
0,1.515625,"1±11.3)岁。选择同期健康体检者40例作为对照组，其中男22例，女18例，年龄38~63(50...."
0,0.255859,"党的十八届三中全会在《中共中央关于全面深化改革若干重大问题的决定》中提出了'推进国内贸易流通体制改革..."
0,0.925781,"出院2周内运动康复根据6min步行试验评估运动能力，并制定运动计划，常规为关节运动、走路训练、拉伸按..."
1,4.218750,"教育口述史系利用自述、笔录、录音及录影等现代技术手段，记录教育历史事件当事人或目击者回忆而形成的史料..."
1,3.906250,"山西省农村中小学教师培训中仍存在工学矛盾。通过对农村中小学教师的访谈发现：培训多安排在节假日，因日常..."
1,1.492188,"发生学始终以现实为科学研究起点和归宿，其研究对象系一切历史事物的实际发生与演变过程。殷商职业技术教育..."
1,3.046875,"在构建资源节约型、环境友好型社会及生态文明的大背景下，开展环境研究以推动上市公司强化节能减排、提升环..."
1,0.503906,"可根据患者状况联用临床常用抗抑郁药物治疗，但MECT治疗期间不得调整剂量，包括：盐酸氟西汀片20mg..."
1,1.843750,"选取2015年5月至2018年5月于海南省人民医院经多导睡眠监测确诊为OSAHS的60例患者，根据病..."
1,1.929688,"统计数据显示，1960年我国65岁及以上老龄人口占总人口比例约为4.0%，老年抚养比约为6.8%，至..."
1,2.484375,"刘利民认为，明确学校内部管理的权利与责任、提升学校自治能力，是强化学校办学主体地位的关键所在。柳燕和..."
1,3.156250,"在家庭异质性扩展中，一关键因素是家庭收入差异对居民区位选择的影响。若将家庭收入异质性设为离散分布，即..."
1,3.593750,"在支撑人脑认知能力的五个子系统中，记忆位居首位，其后依次为感知、想象、推理与语言。英国作家巴恩斯所处..."
1,2.781250,"业界普遍认为，AI发展分为计算智能、感知智能和认知智能三大阶段，目前处于感知智能阶段，此时AI能看懂..."
1,2.421875,"在我国，目前仅有16%的企业步入智能制造应用阶段，且面临智能化水平不足、各类企业发展不均衡等问题。尽..."
1,2.906250,"古希腊哲学源于惊异，中国先秦哲学则肇始于忧患。身处当今时代，当代中国哲学将以何种情调再度肇端，以何种..."
1,1.804688,"'立法评估'、'立法前评估'、'立法后评估'、'绩效评估'、'实施情况评估'、'(监管)影响评估'等..."
1,2.484375,"从篇章目录看，四本教材均涵盖《新课标》要求的“人工智能基础”、“简单人工智能应用模块开发”、“人工智..."
1,2.515625,"引入虚拟化技术至WSN网络，能有效解决当前WSN网络资源利用率低、服务灵活性不足的问题。通过虚拟化理..."
1,1.859375,"护理带教老师心理健康水平低于全国护士。临床教学是护理教育的重要环节，其质量很大程度上取决于临床教师的..."
1,2.734375,"截至2020年末，我国就业人口达7.5亿人，约占全国总人口的53%；鉴于女性占总人口49%，女性就业..."
1,2.421875,"同时，陈染的作品展现出鲜明的个人风格，不同于传统的宏大叙事，也未追随同期先锋小说'形式实验'的浪潮#..."
1,2.250000,"该数据库汇集了当前全面的基因调控网络数据。为探讨转录后调控因子如miRNA在基因调控中的关键作用，R..."
1,0.597656,"在无效样本量不超过20%的前提下，确定样本量为228~456。研究对象纳入标准：符合美国肾脏病基金会..."
1,1.664063,"源于《刺客列传》的'刺秦'故事凭借其固有的传奇性和戏剧性，历来备受电影创作者青睐。截至目前，'刺秦'..."
1,2.500000,"经典理论对专利权地域性成因的解释指出，专利权源于封建特权，其地域性源于封建割据，仅在产生地有效；资本..."
1,1.257813,"“纲要”构成了公共历史知识的高阶供给形式，承担规划现代中国历史参照系的公共职能。近世中国社会危机的出..."
1,1.664063,"神经组织行为学的研究主题，应着力发掘其对个体认知、行为及组织管理实践的潜在反作用与应用价值，即借助神..."
1,0.390625,"《网络安全法》中个人信息的称谓并无须与其他规范性文件中的个人数据（资料）加以区分，事实上也无法区分。..."
1,3.265625,"然而，眼下中职毕业生升入高职院校、高职毕业生升入本科院校的比例不断增大，这是否仍属就业导向？客观而言..."
1,0.937500,"数据湖投用前，西气东输对单向传输进行了可靠性测试。测试内容为设置不同刷新速率，观察传输丢包率（图２）..."
1,2.328125,"运用'学校在线教育综合平台+直播+QQ'的混合线上教学模式，即学校在线教育综合平台用于课前预习、课程..."
1,1.015625,"尽管伊泽尔最初提出的召唤结构主要针对文学作品的审美，但该理论关注如何吸引受众并激发其审美思维，旨在激..."
1,2.015625,"Web of Science收录的'sustainable development'相关英文文献自2..."
1,1.726563,"互联网信息技术与大数据技术的持续进步，推动电子商务普及率不断提升，电商运营模式随之日益优化。消费者消..."
1,3.781250,"这种不匹配的出现，宋史学界应从自身多寻原因。一方面，现存宋代文献史料状况或加剧了两者的疏离与隔阂。无..."
1,2.625000,"全球史首先将'整体'的世界作为历史考察的背景。这种新型世界史聚焦全球而非特定国家或地区的历史，关注整..."
1,2.796875,"上述回归结果表明，港口对城市经济增长存在显著正向效应，此效应是否通过城市间空间互动外溢至腹地城市？采..."
1,2.796875,"食管癌放射治疗中，处方剂量、剂量分布及剂量体积直方图（dose-volume histogram，D..."
1,2.859375,"然而，修辞学视角下的相关研究未涉及隐喻和转喻形成的思维过程，即未能将其视为一种思维过程来理解，故无法..."
1,1.460938,"所谓整体性，即课程改革一般以区域为单位，由教育管理部门对本地区基础教育课程改革进行统筹规划、整体布局..."
1,3.968750,"反洗钱监测中心须为可疑交易报告中的汇总信息设置交易阈值（如超出特定金额的电汇数据），超阈值即发出警告..."
1,3.562500,"自新冠肺炎疫情爆发以来，党中央统筹安排部署，全国人民迅即动员起来，举国上下彰显出无比坚定的抗疫意志与..."
1,2.640625,"例如，欧洲学分系统规定，全日制欧洲学生每学年须获得６０个欧洲学分，每学分对应２５-３０小时学习。第四..."
1,3.718750,"长期以来，儿童健康权备受全球广泛关注。联合国大会采纳的《儿童权利公约》明确规定，每位儿童均享有生存权..."
1,2.625000,"通过调整仿真系统中信号发射与接收端的功能结构，减少系统各节点间的信号传输数据量，提升系统运行速度，从..."
1,3.562500,"精神科护理学课程设在本科学第2学期第2学期，选用徐国彬主编的《精神科护理学》1为教材。理论课内容主要..."
1,1.757813,"从财政事权与支出责任划分视角来看，以双下沉两提升为代表的省域医疗资源优化配置改革，应明确省级政府的主..."
1,4.281250,"命题研究与范畴研究同步展开并已取得成就。从中国古代美学的视角审视，与范畴相比，命题无疑是表达思想观念..."
1,2.218750,"基本权利具备固有性、普遍性与不可侵犯性，然而其行使须以不侵害国家、社会、集体利益及其他公民合法自由和..."
1,1.789063,"随着数据价值的不断凸显，个人数据面临过度搜集、挖掘、交易及跨境流动的风险，个人数据侵权问题随之涌现。..."
1,2.593750,"整合电商直播资源，重塑直播营销体系。超越传统'4P'网络营销理论，依据SICAS理论融合农产品直播电..."
1,2.328125,"Millstein(2009)提出CIT方法用于判断因果关系，该方法将因果推断视为数学条件链条，其中..."
1,1.601563,"重大突发公共卫生事件的防控是一项复杂的系统工程，任务繁重、要点众多、涉及面广，缺乏中央统筹协调与部署..."
1,1.039063,"实践主体的多元化和主体实践的试错欲望，是引发教育技术实践文化漂移的根源性因素。我国教育技术实践参与主..."
1,1.851563,"需充分考虑各地区经济发展禀赋的客观差异，结合'十九大'后新时代国家总体战略布局、能源产业规划等，制定..."
1,3.281250,"近年来，区块链技术备受各行业广泛关注，特别是由高盛、汇丰等40多家银行于2015年底组建的R3CEV..."
1,2.593750,"同时，不法分子可能利用弱人工智能产品固有漏洞，达成自身犯罪目的。在此情形下，弱人工智能产品所实施的严..."
1,2.984375,"如何理解实事求是、与时俱进这一解释立场？笔者认为，'实事'系指我国刑法规定本身（即刑法条文的语义范围..."
1,2.156250,"综上，永久性肠造口手术患者的心理创伤远超身体创伤，大多数患者出现强烈负性情绪，主要集中在手术初期，此..."
1,2.421875,"A~E组患者的苏醒时间、拔管时间、定向力恢复时间，以及收缩压(SBP)、舒张压(DBP)、心率(HR..."
1,2.265625,"值班律师制度实施后，因其与犯罪嫌疑人、被告人未形成委托辩护关系，故诉讼权利告知义务、释明义务及保护嫌..."
1,1.664063,"城市综合体总承包项目管理难度较大，学界与工程界已取得若干研究成果，例如城市综合体投资风险管理、精益管..."
1,3.078125,"多数研究表明高管薪酬对企业创新有一定促进作用。Bulan和Sanyal（2011）认为高管薪酬正向激..."
1,1.718750,"选择天津商业大学、天津工业大学、天津理工大学、天津师范大学、天津城建大学、天津中医药大学、天津科技大..."
1,2.031250,"脊神经结扎模型（spinal nerve ligation model,SNL）乃模拟单神经病变的模..."
1,2.750000,"常见的神经退行性疾病包括阿尔茨海默病（AD）、帕金森病（PD）和多发性硬化症（MS），这些疾病常伴有..."
1,3.328125,"个人信息系指具有个人识别性的信息，包括自然人的姓名、出生日期、身份证件号码、生物识别信息、住址、电话..."
1,2.281250,"在新一轮全球化竞争格局下，营商环境日益备受各国重视，各经济体正通过提升法治化水平优化市场环境，以吸引..."
1,2.609375,"它是一个综合性概念，不仅是宽泛包容的术语，还能依据语境确定具体涵义，涵盖行政法概念、规范及制度、原则..."
1,2.578125,"本研究运用因果推断方法考察mRNA在年龄与LGG间的中介效应，结果显示年龄通过调控11个基因表达进而..."
1,1.570313,"踝关节独特的解剖结构导致骨折早期常出现明显患处肿胀，严重肿胀会加重疼痛、延误手术时机，并妨碍术后患肢..."
1,2.640625,"传统算法系针对特定任务根据输入指令产生结果的固定程序，而新一代人工智能的机器学习算法，尤其是深度学习..."
1,2.406250,"利用BCC模型，我国1999-2019年医疗资源配置效率接受纵向分析，同时2019年全国31省市医疗..."
1,1.906250,"然而，诸多肾脏病理证据表明，糖尿病患者肾损害中非糖尿病肾病（NDRD）比例不低（26.7%~53.6..."
1,2.031250,"LQ值越大，该地区金融集聚程度越高，若LQ_i>1，则表明i地区金融部门就业超过全国平均水平，呈现出..."
1,1.234375,"所谓'讲哲学'，首要'讲'的便是哲学是什么。要了解冯友兰如何看待中国哲学，自然应从'讲哲学'入手。但..."
1,3.031250,"在肿瘤耐药研究中，基因组学获广泛应用，主要借助测序技术对生物体内全基因进行表征与定量，探究其对生命活..."
1,2.796875,"2009年，区块链在'Bitcoin：A Peer-to-Peer Electronic Cash ..."
1,1.796875,"教育治理以公共治理的理论为基础。学术界通常视新公共管理理论、新公共服务理论、公共选择理论等为公共治理..."
1,1.812500,"2017年中国迈入社会主义新时代，新情况不断涌现，体育志愿服务融入体育治理面临诸多挑战。在这一过程中..."
1,1.531250,"公众理解科学的必要性和紧迫性与科学所需专长技能间的矛盾，凸显了科学教育中理解科学功能的关键性。并非人..."
1,1.742188,"Portland耳科诊所的Epley JM首先提出BPPV管石复位法，此后针对不同半规管类型，不同学..."
1,1.546875,"目的：考察血压昼夜节律与年轻高血压患者靶器官损伤之间的相关性。方法：选取2012~2017年在中国医..."
1,2.406250,"除基本医疗保险制度之外，各地区通过推行儿童补充医疗保险，为儿童提供额外保障。一是政府设立针对儿童的补..."
1,2.703125,"这一部分作为全书核心，系统详述了绩效管理的实践内容与步骤，对绩效管理的实施具有重要指导意义。第三部分..."
1,2.562500,"晚期肾细胞癌系指肿瘤细胞已超出肾脏组织、侵犯邻近器官或远处转移的阶段，因肿瘤导致肾脏结构改变并侵及肾..."
1,1.804688,"党的十八大以来，党中央、国务院高度重视农村宅基地管理制度改革与政策创新，在内容和实施路径上进行了谋划..."
1,3.093750,"《国家中长期教育改革和发展规划纲要：2010-2020年》强调，课堂教学应以学生为中心，充分激发学生..."
1,1.453125,"理论上，一方面，'营改增'避免了制造业服务要素投入环节的重复征税，有利于企业扩大规模，提升制造业全要..."
1,4.062500,"丙酮酸系糖酵解关键产物，可转化为乙酰辅酶A，后者为柠檬酸合成的关键前体，而柠檬酸则是柠檬酸循环的主要..."
1,0.180664,"饮酒作为常见生活行为暴露，与ALS的关系备受关注。先前瑞典大型国家队列研究显示，酒精使用障碍患者相较..."
1,3.046875,"我国民法典侵权责任编的制定，应着力解决当下社会生活中的现实问题，面向当下，满足‘此时此地的正义要求’..."
1,2.562500,"北京大学中国政治学研究中心负责、北京大学俞可平教授任总负责人、北京大学何增科教授等学者参与的'中国地..."
1,2.218750,"韩晶（2012）基于环境污染与能源消耗，测度了中国各地区绿色创新效率及其影响因素，认为中国各地区绿色..."
1,1.554688,"研究结果显示：1)农户遗产保护认知的行为态度对其参与遗产保护意愿的正向影响不显著，但主观规范和控制认..."
1,1.867188,"依据文献记载方法，采用Cochrane评价手册中的风险偏倚评估工具，对纳入的所有随机对照试验文献进行..."
1,2.140625,"本文覆盖所有攻击类型后，随机抽样部分数据以实现样本均衡。数据集统计信息见表１所示，训练中将某些攻击类..."
1,0.742188,"中华传统文化的载体——古代文学作品，常映照出古人浪漫的人文情怀与独特的东方审美。在开展安徽省2021..."
1,2.312500,"第一类观点赞同波特'波特假说'，认为适当设计的环境规制可激发企业创新并提升全要素生产率。Zhang等..."
1,2.828125,"在党中央集中统一领导下，全国优势资源迅速整合，各方力量持续汇聚，各地区、各部门、各行业明确分工、各负..."
1,3.328125,"近年来，为深化海外市场布局，大型网络文学企业相继建立海外传播平台，拓展传播渠道。2017年5月，阅文..."
1,1.742188,"无法获取真实用户评估结果，自然难以精确反映用户真实状况。文献[17]构建了位置和时间感知的社会协同检..."
1,0.839844,"新历史主义运用经济学术语'流通''协商''交换'来阐释文学与社会历史间的新型关系，这些术语的基础概念..."
1,2.687500,"适应城市圈层化发展和区域出行新需求的有效途径在于跨区域城市轨道交通的协调发展。跨区域城市轨道交通线路..."
1,2.265625,"若企业环境保护行为能够提升经济利益，则该行为将成为企业的主动举措，从而有助于提高环境保护投入的利用效..."
1,2.687500,"首先，《学前幼儿英语教育》一书突出了工作过程系统化课程设计在培养高职学前教育专业学生英语能力方面的关..."
1,2.187500,"统计异常数据流在决策树各节点处的流量状况，记录异常数据流在决策树中最初分枝节点node的位置，计算该..."
1,3.265625,"多年来，实验室紧扣我国生殖健康的战略需求，聚焦人类生殖领域的关键科学问题，传承'基础-预防-临床'三..."
1,0.289063,"中国武术作为中华民族代表性的文化遗产和优秀传统文化之一，其价值始终是学者们研究的主要对象。不论是中华..."
1,0.800781,"1研究对象选取2019年1-9月于上海交通大学医学院附属仁济医院重症医学科轮转培训的住院医师。所有住..."
1,3.515625,"本研究结果表明，乳腺癌术后患者的SSRS与FCR得分呈负相关，即SSRS得分越高，FCR水平越低。社..."
1,1.164063,"梳理59所高校人工智能学院所在省份，目的是了解我国高校人工智能学院的地域分布情况，从而宏观把握不同地..."
1,2.046875,"社区户内燃气系统构成如图2所示。社区燃气用户家中的燃气设施通常包括燃气立管、燃气表、燃气阀门、燃气灶..."
1,2.828125,"市场基础型方法采用融入市场预期的指标（如股票市场收益率、市场价值、托宾Q值），更能体现外部利益相关者..."
1,1.414063,"审视２００６年以来政府发布的长期护理保险政策文件可知，其服务对象从关注老年人逐步转向重点关照'三无'..."
1,2.187500,"为对抗马来西亚一元化教育政策，'马来西亚华校教师会总会'（简称'教总'）与'马来西亚华校董事联合会总..."
1,3.593750,"用户群体中，20-38岁男性青年占比超过70%，且绝大多数拥有大学及以上学历，其中多数为学生、外派中..."
1,0.714844,"总体而言，在全球互联网化时代，网络安全与国家利益、企业安全、民众权益等密切相关，并已成为影响网络化时..."
1,3.171875,"凯恩斯主义主张打破古典经济学设定的年度平衡预算限制，主张通过灵活财政预算管理确保高就业水平，却未质疑..."
1,1.671875,"人们可借此绕过诸多棘手知识的学习，无需再从事繁琐的理解、计算与推理，将此类事务交给人工智能处理。实际..."
1,2.890625,"国内外学者在住房保障政策评估研究中，主要聚焦保障性住房供给、住房保障政策与制度的阶段性特征，以及政策..."
1,2.140625,"非正态分布计量资料以中位数M及P25、P75表示，组间比较用独立样本秩和检验，组内比较用配对秩和检验..."
1,0.451172,"中德科学中心资助、华中师范大学教育大数据应用技术国家工程实验室承办的GZ1531国际学术研讨会于3月..."
1,1.460938,"企业技术创新的前提是高强度研发投入，Wind数据显示上市公司披露的研发费用持续增长。影响企业研发投入..."
1,3.765625,"医院环境清洁水平、灭菌消毒成效与医院感染密切相关，医院感染控制与管理构成医院安全运行的基础，亦是国家..."
1,5.281250,"我国慢性病管理正从以医院为中心逐步转向以社区为中心。医院诊断时，应为慢性病患者定制个性化治疗方案并开..."
1,1.132813,"沙库巴曲缬沙坦口服后迅速吸收，在体内分解为活性成分缬沙坦和沙库巴曲。沙库巴曲迅速被羧酸酯酶CES1分..."
1,1.867188,"一方面，对欠发达地区、乡村地区、部分西部地区等外围区域而言，旅游业系经济发展、社会就业及居民增收的关..."
1,2.437500,"然而，人们逐渐意识到专家系统遭遇'知识工程瓶颈'问题，即由人工总结知识并传授给计算机极为困难。于是，..."
1,3.328125,"产层组合的前提是各产层物性和流体性质相似。在多煤层低渗条件下，储集层物性基本相似，但储集层压力与临界..."
1,1.554688,"我国作为全球人口最多的国家，在充分保障国内民众卫生健康权利的同时，始终致力于为全球治理提供'公共产品..."
1,0.863281,"1.3 血肿体积测量 血肿扩大的定义为24 h内两次头颅CT平扫图像比较，血肿扩大至少33%或6 m..."
1,3.062500,"其在血浆中的浓度均显著升高，故13-TG和PF4系血小板活化的关键指标。临床研究显示，急性心肌梗死及..."
1,2.203125,"刮痧干预腰椎间盘突出具有镇痛作用，天冬氨酸、谷氨酰胺参与丙氨酸、天冬氨酸和谷氨酸代谢。在谷氨酰胺酶催..."
1,2.859375,"文献乃人类认识与改造世界之关键资源，亦系科学交流、情报获取、知识传授之重要工具，同时构成文献学、图书..."
1,1.843750,"监督乃治理之基，国家审计作为关键的外部监督制度，是弥补法律与市场机制失效的重要补充，是党和国家监督体..."
1,2.937500,"弱势部门向强势部门申请开放数据接口或调用数据时，往往难以获得其真诚配合。此外，数据共享推进中，有些地..."
1,3.609375,"在'四大名著'中，最先纳入中学语文教材的是《西游记》，统编本语文教材七年级上册的名著导读即为《〈西游..."
1,4.031250,"为应对不孕不育高发及沉重经济负担，部分低生育率国家推行了多样化的医疗保障政策[１４－１５]，从而提升..."
1,3.156250,"履行判决系法院基于综合研判案情、以事实为依据、以法律为准绳所作出的裁定结果，直接体现为司法权对行政权..."
1,1.929688,"国内当前对壮剧的研究主要聚焦于两个方面：一是探究如何充分挖掘和保护传统壮剧的资料、传承人与表演技艺，..."
1,2.015625,"美国法的域外适用存在显著不确定性，受行为类型、主体、经济背景、社会因素、监管环境及法官背景等因素影响..."
1,2.515625,"然而，金融监管机构与互联网金融企业在应用监管科技时，遭遇信息不对称及缺乏统一标准体系等难题，无法充分..."
1,1.859375,"1934年，于学忠于《重印畿辅通志序》中称：'同光之际，李文忠督直隶最久，特延黄子寿先生总其成，复广..."
1,1.781250,"然而，伴随大学生学习投入实证状态研究及其批判理论的兴起，学习投入研究的焦点逐步转向变迁。Asare（..."
1,2.343750,"生菜生长至莲座期时，采集中间叶片，除去新老叶后进行图像获取。将叶片置于A4白纸上，采用SONY DS..."
1,1.429688,"若依此思路延伸，重蹈我国司法审判中对旧法一般条款（第2条）适用之反向演绎逻辑，根据未来新法一般条款（..."
1,3.812500,"唐代诗歌犹如一颗璀璨夺目的宝石，在历史长河中熠熠生辉，展现独特魅力，它既是传统文化的代表，又是人类诗..."
1,3.390625,"然而，霍译本的译文全部采用抽象名词作为主语，将具体的生命体变异为非生命体（客观世界或抽象概念），这体..."
1,3.046875,"后期维特根斯坦反思了《逻辑哲学论》中的'语言图象论'，开创了'语言游戏'为核心的'日常语言哲学'，以..."
1,1.843750,"中国近现代史的主流及'纲要'课程的性质决定了'纲要'课的教学目的，主要在于使大学生认识近现代中国社会..."
1,1.796875,"'中国近现代史纲要'课程作为一门必修的思想政治理论课，以历史叙事形式对大学生开展思想政治教育。在有限..."
1,-0.151367,"基于５Cs模型，国内学者开发了包含９８条目（ChinesePositiveYouthDevelopm..."
1,2.406250,"例如，国外矿业权出让金（矿业权申请者为获得矿业权支付给资源所有者的费用）、中国体现国家所有者权益的矿..."
1,2.281250,"Henstridge等人结合高分辨率解剖组织成像与神经病理学、基因筛查及ALS病例认知分析，采用电子..."
1,1.859375,"科尔曼（J.S.Coleman）在《哈佛教育评论》中提出'教育机会平等'概念，胡森（T.Husen）..."
1,0.718750,"2016年12月，国务院发布《“十三五”国家信息化规划》（以下简称《规划》），其中指出，到2020年..."
1,0.636719,"工业4.0技术促使顾客通过多样途径加入企业创新并自主研发生产，成为时代潮流。加上2020年初新冠肺炎..."
1,2.500000,"法院可依此对既有专利立法条款实施限制、补充与协调，即使无具体法律规定时，亦能依据该原则裁判。同时，亦..."
1,3.062500,"端口耗散哈密顿系统的控制方法是一种从能量视角探讨控制策略的途径。与传统控制方法不同，该系统从能量存储..."
1,0.988281,"鉴于中国地域广阔、不同区域创新资源禀赋各异，有效的区域创新政策内容需针对区域特色优势资源灵活定制，以..."
1,1.875000,"'行为标准'主要评估发生在美国境内的行为是否对整体证券欺诈活动起到关键作用；'效果标准'则类似于新证..."
1,3.000000,"微观层面上，个别医疗机构忽视最基本的'三基三严'训练，导致部分医务人员基本功不牢，无法保障基础医疗质..."
1,2.640625,"软件系统的核心即操作系统，其安全性和可靠性是构建高可信软件的最关键步骤。嵌入式实时操作系统因并发、可..."
1,1.945313,"在知识经济与信息时代，面对网络知识爆炸式增长和数字技术的不断更新，教师原有的知识能力已无法满足自身生..."
1,2.562500,"当今装备机械系统正朝着高机动、轻量化和精密化方向演进，例如航空发动机、重型燃轮机、火炮供输弹系统等复..."
1,1.296875,"从家庭联产承包责任制和社会主义市场经济体制下的农村发展，到社会主义新农村建设，再到乡村振兴战略与美丽..."
1,1.117188,"尧斯认为，读者在阅读过程中会基于类型的前理解、已熟识的作品形式与主题，以及诗歌语言与实践语言的对立，..."
1,2.562500,"2001年，以美国麻省理工学院为首的多所世界一流大学启动开放课件项目。2002年，联合国教科文组织将..."
1,0.691406,"伴随土地改革等建设改革运动的蓬勃开展，我国农村生产力得到显著解放，国家建设对农业技术人才的需求日益增..."
1,2.296875,"主要涵盖计算广告的信息检索技术、定向技术、文本分类与挖掘技术，特别是基于大数据计算的各类算法，甚至包..."
1,1.750000,"文化研究在台湾究竟意味着什么？陈光兴将文化研究的兴起归诸于台湾的社会历史变迁，'在面对社会剧变的浪潮..."
1,2.625000,"研究表明，积极财政政策有效助力微观企业平稳渡过难关，在企业层面收获良好成效，有力支撑了经济企稳回升；..."
1,1.468750,"因此，有学者主张，'面对高等教育全球化的发展趋势，斯里兰卡高等教育的发展需要以提供服务和创收为导向的..."
1,2.500000,"例如，危机发生前突发公共卫生事件的预警工作是否健全？危机治理中是否充分利用了科学技术？危机解除后，如..."
1,2.281250,"2017年2月至2018年6月，采用便利抽样法选取深圳市3所三级甲等综合医院收治的180例乳腺癌术后..."
1,1.734375,"揭示当下人工智能教育现状中的'技术主义倾向'、'学科特质不足'、'教育功能狭隘'及'智能水平不高'四..."
1,0.789063,"2005年HIBBARD等［12］对该量表进行提炼，精简至13个条目的PAM简版量表，本研究即采用此..."
1,2.515625,"背景已有证据显示，父母与早产儿互动的增多有助于改善早产儿及父母的结果指标，然而父母通常仅被视为新生儿..."
1,2.203125,"为此，本文运用FSI识别供给侧结构性改革期间的系统性金融风险，为预警模型构建提供坚实基础。基于上述分..."
1,2.125000,"根据信任调节模型，信任作为个体理解人际关系的核心要素，通过影响对未来行为评估或对他人过去行为的解释，..."
1,1.335938,"相较于杓型组，非杓型组患者年龄较高、男性比例较低、eGFR较低，差异均具有统计学意义（P均<0.05..."
1,1.265625,"五大发展理念以创新发展为先导，既系区域经济发展的根本原则，亦为破解上述诸多难题的根本法宝，构成了中国..."
1,2.781250,"《条例》和《规定》实施以来，学界借鉴域外信息公开制度经验，对信息公开范围多主张以公开原则为指导，即'..."
1,1.929688,"她认为，前者所蕴含的道德责任概念在西方占据主导地位，旨在排除或取代所有其他伦理考量，而实际上还应有‘..."
1,0.847656,"国外学者针对数据产权的研究多从明确数据客体所承载权利的视角出发，DAVID(2001)指出数据所有权..."
1,1.242188,"高校'纲要'课肩负着引导学生领悟'两个深刻'、坚定'四个选择'的教育使命，最终使青年大学生确信中国共..."
1,1.906250,"我国侦查取证规则存在诸多缺陷，从刑事证据规则一体化视角出发，构建系统、全面、科学的侦查取证规则，显得..."
1,1.523438,"第二篇主要厘清修辞与语言、语言与文字的关系，明确主张'修辞所可利用的，是语言文字的一切可能性'。随后..."
1,1.390625,"随着金融跨境活动日益频繁，各国逐渐在不同程度上规定并扩展境内法律的域外适用情形。为避免潜在管辖权冲突..."
1,2.906250,"学习分析常用的数据分析与处理方法主要分为三类：(1)统计学方法，包括描述统计、排序、方差、相关分析、..."
1,3.125000,"本研究结果表明，伴发CMBs的PD患者认知功能更低劣，对药物反应性更差，WMH和LI程度更重，且CM..."
1,1.468750,"采集所有患者术前、术后第1天及术后1年随访资料，术前行X射线和计算机断层扫描(CT)检查，并借助磁共..."
1,2.093750,"詹姆逊将资本主义分为三个阶段：马克思著《资本论》时的国家资本主义阶段、列宁所论的垄断资本主义或帝国主..."
1,1.359375,"ChaibongH 指出，制度理论包括强制性、规范性和文化－认知性三大要素，这些要素构成了制度理论的..."
1,1.250000,"2021年3月，《中华人民共和国国民经济和社会发展第十四个五年规划和2035年远景目标纲要》提出要'..."
1,1.578125,"在满足知识产权国际保护基本要求的前提下，我国知识产权保护水平及具体制度架构应充分顾及现实国情需求。知..."
1,2.625000,"研究表明，社会资本与健康呈正相关，即社会资本较高的群体平均健康优于较低群体，本研究统称这些观点为'正..."
1,2.078125,"管网单元i正常工作概率为Pi=1－ni×Tr/(365×24)。路径连通率定义为路径上所有单元同时正..."
1,2.578125,"勒鲁瓦-古兰从民族学视角审视技术逻辑的普遍性，并引入'技术趋势'概念。他指出'技术趋势具有普遍性，虽..."
1,3.484375,"该项目芬兰语首字母缩写为TASUKO，其成员涵盖所有从事教师教育的高校，负责人为赫尔辛基大学的伊琳娜..."
1,2.656250,"鉴于程序语言的复杂性以及程序性质的多样性，自动化程序分析往往面临巨大挑战。根据Rice定理，对于程序..."
1,3.031250,"《语言学的邀请》被誉为语言学经典之作，因其广受全球读者青睐，已译成超过八种语言。该书探讨的议题属语义..."
1,1.843750,"一般而言，每颗卫星采用多波束天线实现覆盖，每个波束形成一个小区，从而地球表面被同一卫星不同波束及不同..."
1,1.781250,"脑卒中占全球所有残疾调整生命年(disability-adjusted life years,DAL..."
1,0.996094,"河北省亟需主动采取有效举措以解决区域经济发展失衡问题。一方面，河北省应充分利用部分地区的优势，推动当..."
1,2.515625,"阳明心身学说主张：心为主宰身躯，身为心的形体运用；在根本意义上，道心与人心为一而非二，在心类层面上，..."
1,1.820313,"刮痧疗法在临床上广泛用于治疗腰椎间盘突出症，且疗效显著。与临床试验相比，该领域目前仍严重缺乏对刮痧疗..."
1,1.734375,"法律应针对人工智能问题开展顶层设计，确立‘人工智能社会的宪法’，即人工智能对法律体系与制度构成前所未..."
1,3.468750,"在前沿领域确立领先优势。三是安全可控，以产业链供应链安全可控作为重要基础。新发展格局要求显著提升产业..."
1,2.437500,"准则层分析显示，失地后弱势群体的社会保障水平显著提升，居住状况基本稳定，但经济状况、发展机会、心理状..."
1,2.562500,"10月B日，‘全面依法治国论坛暨实证法学研究年会(2019)’在河南郑州召开。中国社会科学院法学研究..."
1,4.093750,"汉译'观念史'与'思想史'原本似为同一概念，却往往令人困惑。同样，德语'Ideengeschicht..."
1,2.625000,"动脉粥样硬化性心血管疾病（ASCVD）的可改变危险因素包括背景血脂异常、原发性高血压、糖尿病、肥胖、..."
1,2.156250,"三是儿童照料服务，包括3岁前托育及3-6岁学前教育的公共投入水平，以及6岁以下儿童照料服务覆盖率。这..."
1,2.078125,"社会心理学家定义‘偏见’为对特定社会群体及其成员的不公正态度，即一种先入为主的判断。若教育决策存在偏..."
1,2.546875,"自20世纪80年代中期起，中国学术界以国家社科基金课题的形式开展'现代新儒学思潮研究'。这一课题研究..."
1,4.843750,"因此，常从事健康行为（如体育锻炼、合理饮食、体检、休息放松等）的个体健康状况更佳，而常从事风险行为（..."
1,2.078125,"体而富有弹性的形象。作为一种文化复合体，射箭不仅仅是一种技艺，还蕴含丰富的文化内涵。然而，目前射箭史..."
1,2.406250,"有学者指出，鉴于平台用工的新特征，实践中众多平台工人与平台企业的关系难以认定为劳动关系，若引入雇佣合..."
1,2.406250,"防疫研究亦然，在探究防疫社会行为的深度访谈中，有两个案例深刻激发了笔者作为社会学研究者的专业敏感。第..."
1,-0.539063,"依据IRCU62定义，LD-SCLC放疗靶区主要包括4个部分：GTV、CTV、ITV和PTV。GTV..."
1,1.648438,"《克兰福镇》中的叙述者玛丽因客居小镇身份而缺席诸多关键故事情节，仅通过女士闲谈聚会耳闻小镇事件，并以..."
1,1.242188,"考察美国引发中美贸易摩擦的实际动因，便可看出中美贸易冲突具有一定历史必然性。虽然中美双方对贸易逆差规..."
1,1.031250,"在以白种人为主的健康志愿者中进行的沙库巴曲缬沙坦单次给药剂量递增试验中，单次口服200mg、600m..."
1,1.585938,"西伦敦大学（UWL）和卧龙岗大学（UOW）均强调学习分析的使用需对所有利益相关者保持数据透明度，具体..."
1,2.484375,"相较于语义学的理论知识，本书更欲传达的是关于人性和人生的哲学思考。这些深刻智慧不仅源于作者在语言学领..."
1,2.140625,"因物理层载体由双向转为单向，其上链路层、网络层及传输层协议需相应调整。需处理报文丢失等异常，并自动采..."
1,3.171875,"该模型在规模报酬不变条件下评估决策单元的有效性，其中有效性涵盖规模有效和技术有效。假设存在N个决策单..."
1,0.765625,"围绕‘四原则’，作者钱冠连与国内外语界专家共同针对西方语言哲学的‘两个传统’做进一步发展创新。下部收..."
1,2.609375,"本书主要探讨唐诗经由音乐吟唱所产生的效果，以及'歌'在推动诗成为独立文学体裁并持续丰富发展中的关键作..."
1,2.953125,"NSCLC进展迅速，大多数患者确诊时已属晚期，其生存现状与预后均不乐观。以纳武利尤单抗注射液为代表的..."
1,1.242188,"在资金投入方面，国家不仅通过养老保险等各项制度确保对养老的资金支持逐年增长，还实施多项措施鼓励民间资..."
1,2.781250,"换言之，普京将俄罗斯贫富差距及收入差距扩大的成因归于经济转轨初期的“休克疗法”及其相关市场化改革，而..."
1,2.421875,"第二，重视教育事业发展，建立多元筹资渠道。目前资源有限，政府在推动教育事业的同时需兼顾医疗、养老、就..."
1,1.046875,"FAsD包括2个维度、13个条目，各条目采用Likert 5级评分，用于评估过去1周内患者的疲乏症状..."
1,3.734375,"分析句是指语法形式与词汇意义即为真的句子，即无需借助外部标准，即可直接从语义上判定真伪的句子。这种句..."
1,3.187500,"加强定点医院与非定点医院的准备工作。在新冠肺炎防控实践中，通过设立发热筛查机制、优化发热门诊管理、强..."
1,0.197266,"协调员对知识、技能及捐献事业发展的不懈追求，源于器官捐献工作的特殊性和专业性所决定。协调员需持续学习..."
1,2.359375,"我国宪法第二章规定了公民的基本权利和义务。其中，第33条至第50条通过列举确立了平等权、选举权与被选..."
1,0.785156,"脱硫率超过９７％后烯烃饱和率急剧上升的原因在于再生硫醇反应。汽油产品中硫醇硫含量与加氢脱硫率的关系见..."
1,0.145508,"受试者签署知情同意书，并在试验前1d接受心脏彩超和心电图检查。超声结果表明，受试者左室射血分数超过4..."
1,1.656250,"青年乃国家未来与民族希望，党和国家始终高度重视并关切青年，将其视为事业发展的生力军，青年的自由发展与..."
1,3.468750,"与其他经济学分支相比，城市经济学最显著的差异在于更注重土地要素利用问题，这一问题源于德国经济学家冯·..."
1,3.312500,"同时，学术界视共享经济中的信任为维系消费者、服务提供方与平台运营商三方关系不可或缺的要素，相关研究已..."
1,2.609375,"线上测试包括教师测试和学生自测，其中教师测试由教师依据研究热点或典型案例设计题目，自测则由学生针对重..."
1,2.765625,"提到身份政治，常会联想到本土主义（nativism）。本土主义通常固守殖民前理想化的民族文化身份。作..."
1,1.578125,"为有效应对跨境电商侵权诉讼并促进我国跨境电商业务的健康发展，一方面，电商商户应深入了解域外知识产权法..."
1,0.621094,"目前仅有少量数据：大陆地区2010-2013年黑龙江省大庆市的流行病学调查显示，经标化后，IBD、C..."
1,1.046875,"行政复议机关是否应作为行政诉讼被告，是2014年我国《行政诉讼法》修改中的关键争议，其中其在作出维持..."
1,1.820313,"这些文学类型皆与当时的生存环境及资源获取方式密切相关。至中世纪，欧洲的政治经济模式与教会势力范围持续..."
1,1.187500,"经济社会发展的根本目标和公共政策的聚焦方向在于提升民生福祉。在提升民众'幸福感'和'获得感'的政策指..."
1,1.796875,"传染性疾病已成为全球公共卫生与经济稳定的重大负担，老旧传染病再度流行，新发传染病频现。在世界卫生组织..."
1,1.578125,"与此同时，一些作家与文学批评家较为注重诗歌艺术境界的探讨，晚唐司空图即为此派诗论代表，他视淡远韵味与..."
1,3.234375,"唐朝危害国家安全的犯罪涉及多方面，主要包括叛国投敌、非法武器交易及泄露国家重要信息等。唐律针对这些方..."
1,1.937500,"还须携手历史学家、社会学家、人类学家、宗教学家、艺术家，以及民族心理学家等，共同商定条理，着手搜集调..."
1,2.843750,"推送课前自测，以掌握学生对知识点的理解情况，便于教师课堂教学有的放矢。课堂环节包括小组讨论、小组测试..."
1,1.203125,"时间久了也就学会调整心态，最关键的是照顾好孩子。'照顾者N３表示：'刚开始确实难以接受，每天都哭，但..."
1,1.953125,"2020年，中美贸易摩擦因逆全球化而持续两年，新冠肺炎疫情爆发并席卷全球，导致全球经济遭受重创、生产..."
1,2.453125,"弓驸俗称握把，是持弓手握持弓身的部位，通常采用硬木制作。弓艄俗称弓梢，为插接于弓渊上并带有弦口的木质..."
1,2.203125,"简而言之，人文学科注重主观，涉及价值，尊重个体独特性，其知识生产模式主要依据权威论断与个人直观经验，..."
1,3.843750,"矿井防尘供水管网主要包括水池、水泵、阀门、用水点、水管及管段连接部件等，经简化忽略管网内部细微差异后..."
1,3.453125,"一方水土养育一方人，自然环境深刻塑造着人们的生存方式、精神风貌与文化个性。中国文学地域特色鲜明，古往..."
1,3.406250,"地方决策主体追求政策创新的稳定性和收益性，需要与之耦合低风险、低成本的政策工具，而政策扩散能有效降低..."
1,1.867188,"其次，《学前幼儿英语教育》一书阐明了工作过程系统化范式下构建高职学前教育专业学生英语能力评价体系的必..."
1,2.234375,"从已出版民法典学者建议稿观察，王利明教授主编的《中国民法典学者建议稿》[13]、梁慧星教授主编的《中..."
1,0.769531,"扎根理论作为众多质性研究方法论或风格之一，受美国实用主义和芝加哥社会学派影响，由两位美国学者格拉斯和..."
1,1.937500,"国务院办公厅2015年发布的《关于推进分级诊疗制度建设的指导意见》（国办发〔2015〕70号）强调，..."
1,3.000000,"工业社会中，资本作为工业化大生产的核心要素，使资产阶级凭借拥有资本和技术这些关键社会化工具而占据统治..."
1,4.093750,"微型嵌入式系统系传统嵌入式系统中小型化部分，其操作系统规模通常仅几K至几百K。与其他嵌入式系统相比，..."
1,2.312500,"广东位于我国华南经济圈的核心地带，处于西太平洋新月形经济带的关键节点，是我国经济全球化参与的主要区域..."
1,1.101563,"第一章罗列基本问题，进行概括论述，从宏观层面梳理现当代文学理论。第二章从意识形态层面展开分析，从等同..."
1,1.718750,"上述态势引发三方面风险：一是加剧新兴技术基础上的军备竞赛风险；二是提升大国间爆发冲突乃至战争的可能性..."
1,2.140625,"本次《土地管理法》修订，在融入《国务院关于深化改革严格土地管理的决定》《关于完善征地补偿安置制度的指..."
1,2.875000,"在某个时刻，大量移动设备用户持有一条由其移动设备产生的位置数据。不可信的服务器欲获知某个区域内的移动..."
1,0.574219,"新冠疫情的防控经验促使我们须在法律、行政法规实施一段时间后，及时开展立法后评估，修改法律规定在实际适..."
1,2.562500,"但若仅将后现代主义简视为现代主义之后的另一种文化流派，则显得过于草率，因为它终究包容了许多现代主义的..."
1,2.734375,"在启拓教学过程中，首先，构建教学专题需基于教材并超越教材，融入最新学术前沿问题与研究成果，进行创新设..."
1,0.593750,"在我国抗击新冠肺炎疫情获阶段性重大胜利之际，本文聚焦抗疫应急救援经验教训的总结与反思，此举对完善政策..."
1,2.687500,"在苏童眼中，'小说有时就是一次无中生有'，作家通过小说'推断人性的复杂'。换句话说，苏童并非依赖体验..."
1,3.250000,"新中国成立后，对中国经济史学乃至整个中国史学界影响最深远的变化，便是确立了马克思主义。由于马克思主义..."
1,1.906250,"借鉴PSO进化算法思想以提升效率，改进搜索方程并融入精英档案学习策略，其精英档案学习公式如式(5)所..."
1,2.312500,"自20世纪30年代起，西方国家便显现出健康不平等现象，即不同社会经济地位群体在各类健康维度上存在系统..."
1,3.218750,"目前HD临床试验采用的ASO为化学修饰后的第二代反义寡核苷酸IONIS-HTTRx，靶向人源HTTm..."
1,0.498047,"从其支出结构来看，随着养老服务项目的不断增加，福利彩票公益金支出的范围也在持续扩大，例如2014年新..."
1,1.039063,"上海养老服务财政政策的出台涉及上海市政府、市发改委、老龄委、财政局、民政局、人社局、市卫计委、市教委..."
1,2.375000,"因此，本文一方面有助于微观企业(特别是多元化经营企业)在高宏观经济不确定性环境下，制定并实施适配企业..."
1,3.062500,"我国可借鉴国际经验，推动职工医保与居民医保待遇统一，并实行以家庭为单位的参保模式及按常住地参保，从而..."
1,3.125000,"我国刑事诉讼法修订后确立值班律师制度，理论界视其为提供法律帮助的法律援助者，但实践中值班律师却转为推..."
1,2.781250,"随着生活方式和社会环境的持续变化，癌症发病人群与数量逐年上升，疼痛作为癌患者主要临床症状之一备受关注..."
1,1.453125,"而且使每个人拥有充裕的闲暇时间，以获取历史上遗留的文化——科学、艺术、社交方式等——中一切真正有价值..."
1,2.984375,"自2015年施行新《预算法》以来，新《预算法实施条例》征求意见稿经五年修订，于2020年10月正式实..."
1,1.679688,"《0行动计划》和《教育部关于全面深化课程改革，落实立德树人根本任务的意见》、面向核心素养的《普通高中..."
1,2.406250,"《云南省流动人口服务管理条例》于2012年7月29日发布，2013年1月1日施行，故云南省以2013..."
1,3.218750,"此外，《关于积极发挥新消费引领作用加快培育形成新供给新动力的指导意见》强调，积极发挥新消费引领作用，..."
1,2.687500,"其次，应全面考量青海的实际发展基础。青海位于内陆西部高原，气候严寒，自然灾害频发，恶劣自然环境显著制..."
1,4.781250,"（2）强化疼痛管理知识与技能培训，尤其注重镇痛药物应用、神经区域阻滞等战场实用技能；（3）标准化伤员..."
1,2.468750,"鉴于教育立法评估在国内外尚未形成清晰的内涵与外延概念，亦未确立为具有特殊性的专业术语，本文仅以普遍认..."
1,3.375000,"因此，写作需深入学习，此学习系通过主动阅读、思考、实践等途径建构写作知识或技能的活动，其目标在于提升..."
1,2.828125,"同时，因开源软件更新频繁、依赖关系复杂，基于这些软件包构建的操作系统需持续迭代升级，导致发行版本构建..."
1,2.296875,"现代医学体系确立前，医师独立执业并负个人责任。随着现代医学演进，医疗渐转为以医院为载体的系统性服务；..."
1,2.640625,"拒不消除事故隐患，即‘因存在重大事故隐患被依法责令停产停业、停止施工、停止使用有关设备、设施、场所或..."
1,2.640625,"药物重定位指针对已获批上市或未上市但结构明确、生物活性已知的药物分子，探索其潜在靶标以扩展适用范围的..."
1,2.078125,"首先，文学活动与伦理活动的主体存在差异。通常，伦理活动的主体是在特定社会关系中的人，伦理本身即指人在..."
1,2.109375,"精准医疗亦称'个性化医疗'，是一种依据个体特征、环境及生活方式差异来定制疾病治疗方案的创新策略。其目..."
1,-0.088867,"依据美国培训和开发协会(ASTD)对就业能力的划分中将适应能力定义为包含问题解决能力和创造性思考两大..."
1,0.281250,"欧洲、加拿大和美国的最高患病率分别为322/10万、319/10万和214/10万。UC在北欧、加拿..."
1,2.859375,"中医学将瘀界定为气虚或气滞、痰浊、食滞、瘟疫、暑热、寒湿、情志刺激等因素引起血液运行不畅，或积聚于脉..."
1,2.671875,"对差异基因实施GO功能注释，病毒感染后共204个GO条目显著富集，其中186个涉及生物学过程，7个涉..."
1,2.656250,"港口已成为其所在城市及腹地经济增长的关键引擎，已从单一交通基础设施演变为全球物流网络与产业链的核心节..."
1,2.296875,"广泛性焦虑障碍（GAD）是一种以焦虑为主临床特征的精神障碍，常伴不明原因的提心吊胆、紧张不安、显著自..."
1,1.156250,"该记号表示在前置条件满足时，进程P可在状态s下完成动作a并变迁到状态s'。进程P的状态定义为逻辑时钟..."
1,1.898438,"当前人工智能伦理等领域尚需深入研究与探讨，唯技术论忽略了技术背后的意识形态逻辑，这将导致青年学生正确..."
1,2.062500,"框架效应系指选择的背景或问题呈现方式对选择结果的影响。其中国框主要指问题表述中相关信息的组织架构形式..."
1,1.414063,"放疗采用累及野照射(IFRT)方式，剂量分割模式为加速超分割［45Gy(1.5Gy/次，共30次，2..."
1,1.687500,"我国基础教育发展仍存在不平衡、不充分的问题。其中，'不平衡'表现为区域、城乡、校际、群体间的教育水平..."
1,0.855469,"美国联邦政府部门须依据部门职能与工作规划，制定并向OMB和国会提交5年战略规划，并每隔3年更新该规划..."
1,1.398438,"自吉林长春长生公司疫苗问题案件发生后，习近平总书记高度重视，多次作出重要指示，要求严肃问责、依法从严..."
1,2.875000,"本研究采用学生小讲课及操作代表指导学生的方式，实现'教授给他人'，这两个环节对应学习金字塔中的'实践..."
1,3.375000,"针对持续集成环境中回归测试需持续优化的难题，本文提出一种基于回归测试目标自适应调整策略的优化方案。首..."
1,3.218750,"针对学生班级学习的差异性与一致性，凤天小学推行优秀教师引领群体备课、教师个人独立备课，并坚持教研组每..."
1,2.546875,"政府行政机关依法借助数据开放网站、政务新媒体等渠道，向公民、法人或其他组织免费提供政府数据，不仅深化..."
1,3.046875,"其私产用于填补损失，并可向设计者、制造者、销售者或使用者等责任主体追偿；公共使用场合下，自动驾驶交通..."
1,2.875000,"分析表明，预应力筋置于截面中部，限制了其对试件强度的贡献，导致预应力筋面积变化引起的强度增幅不显著；..."
1,2.859375,"火箭发射前的推进剂加注是一个关键环节。加泄连接器的对接与脱离既是加注过程的高风险环节，又是实现加注自..."
1,1.742188,"第四章论述中国革命改革浪潮新道路的开辟，从以俄为师全面学习、西学东渐且西俗东渐，进而到新时代中国共产..."
1,2.437500,"特别是强化并突出了运动员获取法律援助的权利，这将为各国运动员权利保护提供诸多启示。各国可考虑通过专门..."
1,5.218750,"门型取苗机构主要包括滑槽侧板、翻转门架（含翻转机构）、取苗爪安装板、翻转气缸及取苗爪，其运动简图如图..."
1,2.078125,"实验结果显示，数据增强后，Basenet与FRnet的准确率均得到提升。在两次实验中，FRnet的准..."
1,0.746094,"查《楚辞集校集释》，'丽'字主要有三种观点：第一种视为动词，表示进献之义，如《楚辞补注》：言先进靡丽..."
1,2.250000,"若纳税人能够轻松遵守某规则且成本不高，则该规则即为简单。第五，行政管理。若税务机关能轻易征管，则该规..."
1,1.656250,"目前，中国与东盟国家已建立众多职业教育交流平台。国家层面主要有每年举办的'中国-东盟教育周'和每两年..."
1,1.671875,"采用全文检索策略搜索交易双方名称'××公司'、交易金额及交易产业，汇集相关新闻报道627篇（同一报道..."
1,2.046875,"从权力-权利谱系的宏观视角观察，数据权涵盖数据主权与数据权利，其中数据主权突出数据的国家主权及安全属..."
1,1.765625,"一方面，阿里巴巴在天猫为苏宁开设超级旗舰店，其电商平台为苏宁易购导入大量流量，并提供支付业务等资源支..."
1,0.699219,"当下我国公共卫生护理实践与发展落后于全科医学，PHN的人才培养、实践准入、岗位定位、实践范畴、工作程..."
1,3.359375,"参与本次开放式实验的学生分组后，带教教师要求每位学生独立设计实验方案，并提交小组共同讨论，最终确定本..."
1,3.078125,"然而，近代中国并未完全沦为殖民地，这的原因在于'中国人民不甘屈服于帝国主义及其走狗的顽强反抗精神'。..."
1,4.031250,"机载卫星通信天线安装于大型无人直升机平台，与卫星实现实时通信，巡检作业中旋翼遮挡会严重影响卫星通信，..."
1,1.585938,"1957年4月，国家计委调整了此前'全力发展重工业、忽视或轻视农业和轻工业'的方针。同年7月的庐山会..."
1,2.406250,"医生备受关注。因此，在医疗实践与临床研究中，进行科学合理的对照研究，注重临床证据、客观指标变化及终点..."
1,1.664063,"不同年龄组人群因室外PM2.5暴露导致的CVD疾病负担存在差异，虽然老年人群的PAF较低，但因其免疫..."
1,1.437500,"谣言的认定在不同语境中具有不同的概念内涵。值得注意的是，对谣言（网络谣言）的界定应区分其生活意义与法..."
1,2.375000,"社会化学习系统的技术智能化，主要借助神经网络技术、学习系统构建、智慧学习信息通信等技术或手段来实现。..."
1,0.511719,"同时，利用网络技术构建的实训教学平台可创设临床场景并适时录播，远端教室讨论可通过播放不规范操作让学生..."
1,1.203125,"地理国情普查质检软件主要依据地理国情普查技术规定制定检查方案，该方案制作需选取图层、代码并设置阈值容..."
1,2.984375,"植根中国理解世界、立足世界研究中国，乃中国经济史学人的义不容辞义务与责任。经济史研究不可坐井观天、闭..."
1,2.031250,"数字压力记录仪基于存储测试法研制而成，由压电压力传感器、A/D转换器、运算处理器、数据存储器、标准接..."
1,1.710938,"众所周知，受文化差异影响，我国体育科学研究领域长期以来总是以西方体育文化的种种要义及其知识体系，来审..."
1,1.710938,"1±11.3)岁。同期选取健康体检者40例作为对照组，其中男22例，女18例，年龄38~63(50...."
1,2.218750,"党的十八届三中全会通过《中共中央关于全面深化改革若干重大问题的决定》，明确提出'推进国内贸易流通体制..."
1,3.343750,"出院2周内运动康复通过6min步行试验评估运动能力并制定运动方案，常规包括关节活动、步行训练及拉伸按..."
